Program,City,State,ZIP
EHS,Anchorage,AK,99508
EHS,Wasilla,AK,99654
EHS,Anchorage,AK,99520
EHS,Fairbanks,AK,99701
EHS,Fort Yukon,AK,99740
EHS,Anchorage,AK,99507
EHS,Nome,AK,99762
EHS,NOME,AK,99762
EHS,Auburn,AL,36830
EHS,Decatur,AL,35601
EHS,Decatur,AL,35601
EHS,Birmingham,AL,35294
EHS,Dothan,AL,36301
EHS,Birmingham,AL,35204
EHS,Jasper,AR,72641
EHS,El Dorado,AR,71730
EHS,Jonesboro,AR,72401
EHS,Coolidge,AZ,85128
EHS,Phoenix,AZ,85013
EHS,Mesa,AZ,85201
EHS,Phoenix,AZ,85004
EHS,Tucson,AZ,85713
EHS,Phoenix,AZ,85008
EHS,Phoenix,AZ,85003
EHS,Phoenix,AZ,85034
EHS,Phoenix,AZ,85008
EHS,Flagstaff,AZ,86001
EHS,Scottsdale,AZ,85256
EHS,Window Rock,AZ,86515
EHS,Bakersfield,CA,93309
EHS,Stockton,CA,95206
EHS,San Diego,CA,92108
EHS,El Centro,CA,92243
EHS,Los Angeles,CA,90005
EHS,Sacramento,CA,95815
EHS,Sacramento,CA,95824
EHS,Carmichael,CA,95608
EHS,Berkeley,CA,94710
EHS,Los Angeles,CA,90089
EHS,San Andreas,CA,95249
EHS,Goleta,CA,93117
EHS,Fresno,CA,93721
EHS,Jackson,CA,95642
EHS,Oakland,CA,94612
EHS,Oakland,CA,94601
EHS,San Luis Obispo,CA,93401
EHS,Novato,CA,94949
EHS,San Bernardino,CA,92415
EHS,Rancho Cucamonga,CA,91730
EHS,Napa,CA,94558
EHS,Los Angeles,CA,90005
EHS,North Hollywood,CA,91606
EHS,Pasadena,CA,91107
EHS,Orland,CA,95963
EHS,Wilmington,CA,90744
EHS,Yuba City,CA,95993
EHS,BALDWIN PARK,CA,91706
EHS,El Monte,CA,91731
EHS,Concord,CA,94520
EHS,OAKLAND,CA,94601
EHS,San Mateo,CA,94402
EHS,San Diego,CA,92111
EHS,El Cajon,CA,92020
EHS,National City,CA,91950
EHS,Woodland,CA,95776
EHS,LOS ANGELES,CA,90038
EHS,Arcata,CA,95521
EHS,Los Angeles,CA,90047
EHS,Redding,CA,96003
EHS,Riverside,CA,92501
EHS,Lake Elsinore,CA,92530
EHS,Thermal,CA,92274
EHS,Romoland,CA,92585
EHS,Red Bluff,CA,96080
EHS,Santa Cruz,CA,95060
EHS,Covina,CA,91724
EHS,San Marcos,CA,92069
EHS,Los Angeles,CA,90015
EHS,Santa Monica,CA,90405
EHS,Los Angeles,CA,90010
EHS,Los Angeles,CA,90056
EHS,Chatsworth,CA,91311
EHS,San Diego,CA,92108
EHS,Bakersfield,CA,93309
EHS,Oxnard,CA,93036
EHS,Visalia,CA,93291
EHS,San Francisco,CA,94133
EHS,San Francisco,CA,94110
EHS,Santa Ana,CA,92705
EHS,Pico Rivera,CA,90660
EHS,Los Angeles,CA,90017
EHS,El Monte,CA,91733
EHS,Norwalk,CA,90650
EHS,Pomona,CA,91767
EHS,Los Angeles,CA,90003
EHS,Los Angeles,CA,90026
EHS,Colusa,CA,95932
EHS,Placerville,CA,95667
EHS,Santa Ana,CA,92705
EHS,La Habra,CA,90631
EHS,Orange,CA,92867
EHS,Quincy,CA,95971
EHS,Signal Hill,CA,90755
EHS,Alameda,CA,94501
EHS,Salinas,CA,93901
EHS,Merced,CA,95341
EHS,Modesto,CA,95354
EHS,Salida,CA,95368
EHS,Modesto,CA,95357
EHS,Waterford,CA,95386
EHS,Keyes,CA,95328
EHS,Santa Ana,CA,92705
EHS,Los Angeles,CA,90095
EHS,Oakland,CA,94601
EHS,El Monte,CA,91731
EHS,Baldwin Park,CA,91706
EHS,San Mateo,CA,94401
EHS,San Jose,CA,95134
EHS,Santa Ana,CA,92706
EHS,Torrance,CA,90501
EHS,Bell Gardens,CA,90201
EHS,Culver City,CA,90230
EHS,Los Angeles,CA,90012
EHS,El Centro,CA,92243
EHS,Berkeley,CA,94703
EHS,Auburn,CA,95603
EHS,Hanford,CA,93230
EHS,San Luis Obispo,CA,93401
EHS,San Jose,CA,95131
EHS,Alturas,CA,96101
EHS,Kelseyville,CA,95451
EHS,Madera,CA,93637
EHS,Yreka,CA,96097
EHS,Ukiah,CA,95482
EHS,Los Angeles,CA,90010
EHS,Los Angeles,CA,90028
EHS,Eureka,CA,95501
EHS,Hoopa,CA,95546
EHS,Longmont,CO,80501
EHS,Fort Collins,CO,80521
EHS,Lakewood,CO,80226
EHS,Cripple Creek,CO,80813
EHS,La Junta,CO,81050
EHS,Salida,CO,81201
EHS,Denver,CO,80211
EHS,Denver,CO,80205
EHS,Canon City,CO,81212
EHS,Breckenridge,CO,80424
EHS,Eagle,CO,81631
EHS,Denver,CO,80211
EHS,Litchfield,CT,06759
EHS,Hampton,CT,06247
EHS,Derby,CT,06418
EHS,Norwich,CT,06360
EHS,Ansonia,CT,06401
EHS,Bridgeport,CT,06604
EHS,Manchester,CT,06040
EHS,Middletown,CT,06457
EHS,Washington,DC,20011
EHS,Washington,DC,20010
EHS,Washington,DC,20001
EHS,Washington,DC,20001
EHS,Newark,DE,19702
EHS,Georgetown,DE,19947
EHS,Newark,DE,19716
EHS,Land O Lakes,FL,34638
EHS,Hialeah Gardens,FL,33016
EHS,Miami,FL,33129
EHS,Quincy,FL,32351
EHS,Jacksonville,FL,32256
EHS,Cocoa,FL,32922
EHS,Jacksonville,FL,32256
EHS,Panama City,FL,32401
EHS,Fort Lauderdale,FL,33301
EHS,Westville,FL,32464
EHS,Jacksonville,FL,32207
EHS,Tallahassee,FL,32308
EHS,Orlando,FL,32808
EHS,Fort Myers,FL,33916
EHS,Pensacola,FL,32501
EHS,Orlando,FL,32822
EHS,Fayetteville,GA,30215
EHS,Athens,GA,30606
EHS,Waynesboro,GA,30830
EHS,Fort Valley,GA,31030
EHS,Honolulu,HI,96819
EHS,Lihue,HI,96766
EHS,Kailua-Kona,HI,96740
EHS,Wailuku,HI,96793
EHS,Fort Dodge,IA,50501
EHS,Hiawatha,IA,52233
EHS,Chariton,IA,50049
EHS,Carroll,IA,51401
EHS,Harlan,IA,51537
EHS,Graettinger,IA,51342
EHS,Waterloo,IA,50703
EHS,Monona,IA,52159
EHS,Sioux City,IA,51106
EHS,Remsen,IA,51050
EHS,Des Moines,IA,50311
EHS,Marshalltown,IA,50158
EHS,Lewiston,ID,83501
EHS,Payette,ID,83661
EHS,TWIN FALLS,ID,83303
EHS,Coeur D Alene,ID,83814
EHS,Boise,ID,83705
EHS,Bloomington,IL,61701
EHS,Chicago,IL,60626
EHS,Alton,IL,62002
EHS,Gillespie,IL,62033
EHS,Evanston,IL,60201
EHS,La Grange Park,IL,60526
EHS,Cicero,IL,60804
EHS,Chicago,IL,60606
EHS,OAK PARK,IL,60301
EHS,Chicago,IL,60608
EHS,Chicago,IL,60640
EHS,Chicago,IL,60602
EHS,Ullin,IL,62992
EHS,Peoria,IL,61603
EHS,Chicago,IL,60616
EHS,Rockford,IL,61103
EHS,Mt Sterling,IL,62353
EHS,Danville,IL,61834
EHS,Effingham,IL,62401
EHS,Breese,IL,62230
EHS,Enfield,IL,62835
EHS,Aurora,IL,60506
EHS,West Frankfort,IL,62896
EHS,Edwardsville,IL,62026
EHS,Springfield,IL,62703
EHS,Rock Falls,IL,61071
EHS,Chicago,IL,60606
EHS,Joliet,IL,60432
EHS,Chicago,IL,60603
EHS,Chicago,IL,60622
EHS,University Park,IL,60484
EHS,Decatur,IL,62522
EHS,Chicago,IL,60623
EHS,Chicago,IL,60639
EHS,Chicago,IL,60621
EHS,Chicago,IL,60608
EHS,Chicago,IL,60623
EHS,Chicago,IL,60608
EHS,Chicago,IL,60624
EHS,Chicago,IL,60602
EHS,Chicago,IL,60626
EHS,Chicago,IL,60608
EHS,Chicago,IL,60615
EHS,Chicago,IL,60603
EHS,Urbana,IL,61802
EHS,Lincoln,IL,62656
EHS,Evansville,IN,47713
EHS,Columbus,IN,47203
EHS,Warsaw,IN,46580
EHS,Garrett,IN,46738
EHS,Pendleton,IN,46064
EHS,Covington,IN,47932
EHS,Jeffersonville,IN,47130
EHS,Lafayette,IN,47905
EHS,Richmond,IN,47374
EHS,Tell City,IN,47586
EHS,Plymouth,IN,46563
EHS,Vincennes,IN,47591
EHS,Merrillville,IN,46410
EHS,Cloverdale,IN,46120
EHS,MARION,IN,46953
EHS,Kokomo,IN,46902
EHS,Bloomington,IN,47404
EHS,Pendleton,IN,46064
EHS,TERRE HAUTE,IN,47804
EHS,Fort Wayne,IN,46802
EHS,Huntington,IN,46750
EHS,Mitchell,IN,47446
EHS,Wichita,KS,67218
EHS,Salina,KS,67401
EHS,Wellington,KS,67152
EHS,Dodge City,KS,67801
EHS,Hays,KS,67601
EHS,OAKLEY,KS,67748
EHS,Overland Park,KS,66204
EHS,Clay Center,KS,67432
EHS,Kansas City,KS,66101
EHS,Ottawa,KS,66067
EHS,Hiawatha,KS,66434
EHS,Garden City,KS,67846
EHS,Kansas City,KS,66101
EHS,Hutchinson,KS,67501
EHS,Manhattan,KS,66502
EHS,Topeka,KS,66605
EHS,Girard,KS,66743
EHS,Powhattan,KS,66527
EHS,Mayetta,KS,66509
EHS,Carrollton,KY,41008
EHS,Gray,KY,40734
EHS,Shelbyville,KY,40065
EHS,Richmond,KY,40475
EHS,Owensboro,KY,42301
EHS,Leitchfield,KY,42754
EHS,Lexington,KY,40508
EHS,Murray,KY,42071
EHS,Booneville,KY,41314
EHS,Pineville,KY,40977
EHS,Tallulah,LA,71282
EHS,New Orleans,LA,70130
EHS,Saint Francisville,LA,70775
EHS,Monroe,LA,71201
EHS,Alexandria,LA,71301
EHS,Lafayette,LA,70501
EHS,Lowell,MA,01852
EHS,Fitchburg,MA,01420
EHS,Taunton,MA,02780
EHS,Haverhill,MA,01830
EHS,Roxbury,MA,02119
EHS,Dedham,MA,02026
EHS,Worcester,MA,01608
EHS,Lynn,MA,01901
EHS,Fall River,MA,02724
EHS,TAUNTON,MA,02780
EHS,EAST WEYMOUTH,MA,02189
EHS,Northampton,MA,01060
EHS,Boston,MA,02111
EHS,Springfield,MA,01105
EHS,Plymouth,MA,02360
EHS,Quincy,MA,02169
EHS,Cumberland,MD,21502
EHS,Rockville,MD,20852
EHS,Hagerstown,MD,21740
EHS,Baltimore,MD,21204
EHS,Westminster,MD,21157
EHS,Salisbury,MD,21804
EHS,Gaithersburg,MD,20877
EHS,Edgewood,MD,21040
EHS,Baltimore,MD,21204
EHS,Oakland,MD,21550
EHS,TAKOMA PARK,MD,20912
EHS,Sanford,ME,04073
EHS,South Paris,ME,04281
EHS,Lewiston,ME,04240
EHS,Waterville,ME,04901
EHS,BATH,ME,04530
EHS,Presque Isle,ME,04769
EHS,Belfast,ME,04915
EHS,Farmingdale,ME,04344
EHS,South Portland,ME,04106
EHS,Caro,MI,48723
EHS,Saginaw,MI,48638
EHS,Monroe,MI,48161
EHS,Flint,MI,48532
EHS,Farwell,MI,48622
EHS,Zeeland,MI,49464
EHS,Port Huron,MI,48060
EHS,Walker,MI,49544
EHS,Traverse City,MI,49686
EHS,Coldwater,MI,49036
EHS,Pontiac,MI,48342
EHS,Oak Park,MI,48237
EHS,Wyandotte,MI,48192
EHS,MUSKEGON,MI,49442
EHS,Adrian,MI,49221
EHS,Southgate,MI,48195
EHS,Wayne,MI,48184
EHS,Dearborn,MI,48124
EHS,Bessemer,MI,49911
EHS,Jackson,MI,49203
EHS,Detroit,MI,48219
EHS,Detroit,MI,48238
EHS,Detroit,MI,48210
EHS,Battle Creek,MI,49014
EHS,Flint,MI,48502
EHS,Flint,MI,48505
EHS,Ann Arbor,MI,48103
EHS,Clinton Township,MI,48036
EHS,Houghton,MI,49931
EHS,Marquette,MI,49855
EHS,Greenville,MI,48838
EHS,Allegan,MI,49010
EHS,Lansing,MI,48915
EHS,Scottville,MI,49454
EHS,Detroit,MI,48210
EHS,Detroit,MI,48207
EHS,Kingsford,MI,49802
EHS,Escanaba,MI,49829
EHS,Sault Sainte Marie,MI,49783
EHS,Dearborn,MI,48124
EHS,Alpena,MI,49707
EHS,Paw Paw,MI,49079
EHS,Sault Sainte Marie,MI,49783
EHS,Sault Sainte Marie,MI,49783
EHS,Peshawbestown,MI,49682
EHS,Mora,MN,55051
EHS,Blaine,MN,55434
EHS,Saint Cloud,MN,56304
EHS,Willmar,MN,56201
EHS,Moorhead,MN,56560
EHS,Crookston,MN,56716
EHS,Maple Lake,MN,55358
EHS,St. Paul,MN,55104
EHS,Rushford,MN,55971
EHS,Oklee,MN,56742
EHS,Detroit Lakes,MN,56501
EHS,Virginia,MN,55792
EHS,Rochester,MN,55904
EHS,Bemidji,MN,56601
EHS,Badger,MN,56714
EHS,Shakopee,MN,55379
EHS,Willmar,MN,56201
EHS,Little Falls,MN,56345
EHS,Cloquet,MN,55720
EHS,Ogema,MN,56569
EHS,Saint Charles,MO,63301
EHS,Saint Louis,MO,63136
EHS,Saint Louis,MO,63106
EHS,Springfield,MO,65802
EHS,Portageville,MO,63873
EHS,Hillsboro,MO,63050
EHS,Columbia,MO,65203
EHS,Saint Joseph,MO,64503
EHS,Hannibal,MO,63401
EHS,Winona,MO,65588
EHS,Appleton City,MO,64724
EHS,Marshall,MO,65340
EHS,Sedalia,MO,65301
EHS,Trenton,MO,64683
EHS,Joplin,MO,64801
EHS,Columbia,MS,39429
EHS,Jackson,MS,39209
EHS,Indianola,MS,38751
EHS,Leland,MS,38756
EHS,Libby,MT,59923
EHS,Butte,MT,59701
EHS,Hamilton,MT,59840
EHS,Great Falls,MT,59405
EHS,Havre,MT,59501
EHS,Hendersonville,NC,28792
EHS,Charlotte,NC,28205
EHS,Forest City,NC,28043
EHS,Fayetteville,NC,28314
EHS,Raleigh,NC,27612
EHS,Asheville,NC,28805
EHS,Monroe,NC,28110
EHS,Marion,NC,28752
EHS,Franklin,NC,28734
EHS,Rich Square,NC,27869
EHS,Goldsboro,NC,27534
EHS,Greensboro,NC,27406
EHS,Raleigh,NC,27612
EHS,Newport,NC,28570
EHS,Asheville,NC,28805
EHS,Jacksonville,NC,28546
EHS,Hickory,NC,28602
EHS,Durham,NC,27703
EHS,Chapel Hill,NC,27514
EHS,Morganton,NC,28655
EHS,Bismarck,ND,58501
EHS,Mayville,ND,58257
EHS,Jamestown,ND,58402
EHS,Minot,ND,58701
EHS,Devils Lake,ND,58301
EHS,Dickinson,ND,58601
EHS,Fort Yates,ND,58538
EHS,Omaha,NE,68131
EHS,Chadron,NE,69337
EHS,Lincoln,NE,68508
EHS,Loup City,NE,68853
EHS,Pender,NE,68047
EHS,Kearney,NE,68847
EHS,Hastings,NE,68901
EHS,Papillion,NE,68046
EHS,Fairbury,NE,68352
EHS,Fremont,NE,68025
EHS,Plattsmouth,NE,68048
EHS,Scottsbluff,NE,69361
EHS,Concord,NH,03301
EHS,Manchester,NH,03108
EHS,Dover,NH,03820
EHS,Newark,NJ,07105
EHS,Hoboken,NJ,07030
EHS,Bridgeton,NJ,08302
EHS,Bridgeton,NJ,08302
EHS,Ringwood,NJ,07456
EHS,Phillipsburg,NJ,08865
EHS,Hackensack,NJ,07601
EHS,Montclair,NJ,07042
EHS,East Orange,NJ,07017
EHS,Hackensack,NJ,07601
EHS,Lakewood,NJ,08701
EHS,Trenton,NJ,08611
EHS,Dover,NJ,07801
EHS,Burlington,NJ,08016
EHS,Silver City,NM,88061
EHS,Albuquerque,NM,87102
EHS,Albuquerque,NM,87106
EHS,Santa Fe,NM,87501
EHS,Hobbs,NM,88240
EHS,Las Cruces,NM,88001
EHS,Albuquerque,NM,87110
EHS,Tucumcari,NM,88401
EHS,Las Cruces,NM,88005
EHS,Isleta,NM,87022
EHS,Santo Domingo Pueblo,NM,87052
EHS,Laguna,NM,87026
EHS,Alamo,NM,87825
EHS,ESPANOLA,NM,87532
EHS,Ely,NV,89301
EHS,Las Vegas,NV,89121
EHS,Reno,NV,89503
EHS,Elko,NV,89801
EHS,Auburn,NY,13021
EHS,New Square,NY,10977
EHS,Brooklyn,NY,11225
EHS,Glens Falls,NY,12801
EHS,Buffalo,NY,14214
EHS,Rhinebeck,NY,12572
EHS,New York,NY,10011
EHS,Norwich,NY,13815
EHS,Plattsburgh,NY,12901
EHS,New York,NY,10035
EHS,New York,NY,10027
EHS,Bronx,NY,10457
EHS,Elizabethtown,NY,12932
EHS,New York,NY,10029
EHS,Monroe,NY,10950
EHS,Albion,NY,14411
EHS,Bath,NY,14810
EHS,New York,NY,10035
EHS,New York,NY,10027
EHS,Cobleskill,NY,12043
EHS,New York,NY,10002
EHS,Rochester,NY,14604
EHS,New York,NY,10029
EHS,Troy,NY,12180
EHS,Schenectady,NY,12304
EHS,Bronx,NY,10473
EHS,Cortland,NY,13045
EHS,Port Jefferson,NY,11777
EHS,Dunkirk,NY,14048
EHS,Brooklyn,NY,11218
EHS,Flushing,NY,11355
EHS,Ithaca,NY,14850
EHS,Olean,NY,14760
EHS,Port Chester,NY,10573
EHS,Syracuse,NY,13202
EHS,Bronx,NY,10455
EHS,Ballston Spa,NY,12020
EHS,Utica,NY,13502
EHS,Canastota,NY,13032
EHS,New York,NY,10002
EHS,Montour Falls,NY,14865
EHS,Patchogue,NY,11772
EHS,Middletown,NY,10940
EHS,Lyons,NY,14489
EHS,Richmond Hill,NY,11418
EHS,Brooklyn,NY,11219
EHS,Brooklyn,NY,11212
EHS,New York,NY,10040
EHS,Brooklyn,NY,11249
EHS,Belmont,NY,14813
EHS,Haverstraw,NY,10927
EHS,Hudson Falls,NY,12839
EHS,Oneonta,NY,13820
EHS,Rockaway Beach,NY,11693
EHS,Youngstown,OH,44515
EHS,Cincinnati,OH,45244
EHS,Portsmouth,OH,45662
EHS,Coshocton,OH,43812
EHS,Hillsboro,OH,45133
EHS,Piketon,OH,45661
EHS,Cleveland,OH,44103
EHS,Lorain,OH,44052
EHS,Ravenna,OH,44266
EHS,Wooster,OH,44691
EHS,Dayton,OH,45402
EHS,Cleveland,OH,44103
EHS,Cleveland,OH,44114
EHS,Washington Court House,OH,43160
EHS,Columbus,OH,43215
EHS,Painesville,OH,44077
EHS,Marion,OH,43302
EHS,Caldwell,OH,43724
EHS,Lebanon,OH,45036
EHS,Lima,OH,45804
EHS,Fremont,OH,43420
EHS,Lancaster,OH,43130
EHS,Marietta,OH,45750
EHS,Hamilton,OH,45011
EHS,Newark,OH,43055
EHS,Canton,OH,44714
EHS,Ashtabula,OH,44004
EHS,Mansfield,OH,44906
EHS,Piqua,OH,45356
EHS,Cincinnati,OH,45237
EHS,Cincinnati,OH,45229
EHS,Cincinnati,OH,45231
EHS,Toledo,OH,43604
EHS,Mount Vernon,OH,43050
EHS,Akron,OH,44308
EHS,Ironton,OH,45638
EHS,Decatur,OH,45115
EHS,Circleville,OH,43113
EHS,Glouster,OH,45732
EHS,Tulsa,OK,74146
EHS,Altus,OK,73521
EHS,Claremore,OK,74017
EHS,Lindsay,OK,73052
EHS,Oklahoma City,OK,73106
EHS,Muskogee,OK,74401
EHS,Tecumseh,OK,74873
EHS,Portland,OR,97220
EHS,Ontario,OR,97914
EHS,Klamath Falls,OR,97601
EHS,Milwaukie,OR,97267
EHS,McMinnville,OR,97128
EHS,Central Point,OR,97502
EHS,Roseburg,OR,97470
EHS,Hermiston,OR,97838
EHS,Eugene,OR,97402
EHS,Coos Bay,OR,97420
EHS,Portland,OR,97217
EHS,Hood River,OR,97031
EHS,LEBANON,OR,97355
EHS,Salem,OR,97301
EHS,SALEM,OR,97301
EHS,Hillsboro,OR,97123
EHS,Warm Springs,OR,97761
EHS,Grand Ronde,OR,97347
EHS,Mifflinburg,PA,17844
EHS,Williamsport,PA,17701
EHS,Greensburg,PA,15601
EHS,Milton,PA,17847
EHS,Mifflintown,PA,17059
EHS,Scranton,PA,18503
EHS,Shippensburg,PA,17257
EHS,Coatesville,PA,19320
EHS,Washington,PA,15301
EHS,Greensburg,PA,15601
EHS,Greensburg,PA,15601
EHS,Johnstown,PA,15901
EHS,Philadelphia,PA,19130
EHS,Morton,PA,19070
EHS,Butler,PA,16001
EHS,Brookville,PA,15825
EHS,Pittsburgh,PA,15213
EHS,Farrell,PA,16121
EHS,Chambersburg,PA,17201
EHS,Pittsburgh,PA,15208
EHS,Philadelphia,PA,19139
EHS,PITTSBURGH,PA,15238
EHS,Wilkes Barre,PA,18702
EHS,Somerset,PA,15501
EHS,Allentown,PA,18109
EHS,Blossburg,PA,16912
EHS,Mc Connellsburg,PA,17233
EHS,York,PA,17403
EHS,Bigler,PA,16825
EHS,Philadelphia,PA,19122
EHS,Bedford,PA,15522
EHS,Huntingdon,PA,16652
EHS,Johnstown,PA,15905
EHS,Harrisburg,PA,17126
EHS,Meadville,PA,16335
EHS,Homestead,PA,15120
EHS,Franklin,PA,16323
EHS,Butler,PA,16001
EHS,Indiana,PA,15701
EHS,Harrisburg,PA,17102
EHS,Pittsburgh,PA,15222
EHS,Harrisburg,PA,17110
EHS,Doylestown,PA,18901
EHS,Isabela,PR,00662
EHS,San Juan,PR,00924
EHS,Dorado,PR,00646
EHS,San Juan,PR,00918
EHS,Hormigueros,PR,00660
EHS,Hormigueros,PR,00660
EHS,Johnston,RI,02919
EHS,Johnston,RI,02919
EHS,PROVIDENCE,RI,02905
EHS,Newport,RI,02840
EHS,Warwick,RI,02889
EHS,Providence,RI,02903
EHS,Charleston,SC,29401
EHS,Spartanburg,SC,29302
EHS,Conway,SC,29526
EHS,Denmark,SC,29042
EHS,Spartanburg,SC,29306
EHS,Florence,SC,29505
EHS,ROCK HILL,SC,29731
EHS,Lancaster,SC,29720
EHS,Columbia,SC,29204
EHS,Belle Fourche,SD,57717
EHS,Madison,SD,57042
EHS,Pierre,SD,57501
EHS,Vermillion,SD,57069
EHS,Rapid City,SD,57702
EHS,Memphis,TN,38107
EHS,Tazewell,TN,37879
EHS,Kingston,TN,37763
EHS,Knoxville,TN,37921
EHS,Wartburg,TN,37887
EHS,Lamesa,TX,79331
EHS,Levelland,TX,79336
EHS,Bryan,TX,77802
EHS,Fort Worth,TX,76111
EHS,Amarillo,TX,79109
EHS,New Caney,TX,77357
EHS,Houston,TX,77092
EHS,San Antonio,TX,78226
EHS,San Marcos,TX,78666
EHS,Bellaire,TX,77401
EHS,Texarkana,TX,75503
EHS,Richardson,TX,75081
EHS,Dallas,TX,75247
EHS,BASTROP,TX,78602
EHS,Austin,TX,78751
EHS,Waco,TX,76701
EHS,Center,TX,75935
EHS,COLLEGE STATION,TX,77840
EHS,Laredo,TX,78046
EHS,San Antonio,TX,78226
EHS,Angleton,TX,77515
EHS,Dallas,TX,75247
EHS,Dallas,TX,75223
EHS,San Antonio,TX,78207
EHS,Alamo,TX,78516
EHS,Temple,TX,76501
EHS,Wichita Falls,TX,76301
EHS,Lubbock,TX,79403
EHS,Salt Lake City,UT,84104
EHS,Logan,UT,84321
EHS,Ogden,UT,84401
EHS,Wellington,UT,84542
EHS,PROVO,UT,84601
EHS,Saint George,UT,84770
EHS,Salt Lake City,UT,84107
EHS,Orem,UT,84057
EHS,Kaysville,UT,84037
EHS,Logan,UT,84321
EHS,Galax,VA,24333
EHS,Abingdon,VA,24210
EHS,Alexandria,VA,22314
EHS,Falls Church,VA,22041
EHS,Oakton,VA,22124
EHS,Orange,VA,22960
EHS,North Tazewell,VA,24630
EHS,Franklin,VA,23851
EHS,Stafford,VA,22554
EHS,Williamsburg,VA,23188
EHS,Norton,VA,24273
EHS,Rocky Mount,VA,24151
EHS,North Tazewell,VA,24630
EHS,Falls Church,VA,22044
EHS,Roanoke,VA,24011
EHS,Frederiksted,VI,00840
EHS,Burlington,VT,05401
EHS,Barre,VT,05641
EHS,Barton,VT,05822
EHS,Brattleboro,VT,05301
EHS,Spokane,WA,99217
EHS,Bremerton,WA,98312
EHS,Sunnyside,WA,98944
EHS,Omak,WA,98841
EHS,Ellensburg,WA,98926
EHS,Renton,WA,98057
EHS,Everett,WA,98208
EHS,Seattle,WA,98144
EHS,Bellingham,WA,98225
EHS,Seattle,WA,98144
EHS,Mount Vernon,WA,98273
EHS,Seattle,WA,98125
EHS,Vancouver,WA,98683
EHS,Pullman,WA,99163
EHS,Richland,WA,99352
EHS,Spokane,WA,99202
EHS,Longview,WA,98632
EHS,Bremerton,WA,98337
EHS,Port Angeles,WA,98362
EHS,Wenatchee,WA,98801
EHS,Seattle,WA,98108
EHS,Moses Lake,WA,98837
EHS,Seattle,WA,98144
EHS,Vancouver,WA,98661
EHS,Everett,WA,98201
EHS,Yakima,WA,98902
EHS,Oakville,WA,98568
EHS,Bellingham,WA,98226
EHS,Rhinelander,WI,54501
EHS,Sheboygan,WI,53081
EHS,Milwaukee,WI,53215
EHS,Milwaukee,WI,53210
EHS,Fitchburg,WI,53711
EHS,Portage,WI,53901
EHS,Beloit,WI,53511
EHS,Dodgeville,WI,53533
EHS,Manitowoc,WI,54220
EHS,Independence,WI,54747
EHS,Turtle Lake,WI,54889
EHS,Superior,WI,54880
EHS,Waukesha,WI,53186
EHS,Wisconsin Rapids,WI,54494
EHS,Waukesha,WI,53186
EHS,Stevens Point,WI,54481
EHS,Kenosha,WI,53142
EHS,Green Bay,WI,54304
EHS,Hayward,WI,54843
EHS,Bayfield,WI,54814
EHS,Lac Du Flambeau,WI,54538
EHS,Union,WV,24983
EHS,Matheny,WV,24860
EHS,Fairmont,WV,26554
EHS,Wheeling,WV,26003
EHS,Martinsburg,WV,25401
EHS,Huntington,WV,25701
EHS,Oak Hill,WV,25901
EHS,Bluefield,WV,24701
EHS,Morgantown,WV,26501
EHS,Powell,WY,82435
EHS,Jackson,WY,83001
EHS,Guernsey,WY,82214
EHS,Cheyenne,WY,82001
EHS,Gillette,WY,82718
FCU,Miami,FL,33136
FCU,Lexington ,KY,40506
FCU,North Las Vegas,NV,89101
FCU,Pittsburgh,PA,15236
Family Connects,Davenport,IA,52804
Family Connects,East Peoria,IL,61611
Family Connects,Freeport,IL,61032
Family Connects,Baltimore,MD,21218
Family Connects,Greensboro,NC,27405
Family Connects,Durham,NC ,27701
Family Connects,Winston-Salem,NC ,27103
Family Connects,Tulsa,OK,74119
Family Connects,Newport,OR,97365
Family Connects,Franksville,WI,53126
Family Spirit,Springerville,AZ,85938
Family Spirit,Chinle,AZ,86503
Family Spirit,Page,AZ,86040
Family Spirit,Red Mesa,AZ,86514
Family Spirit,Kykotsmovi,AZ,86039
Family Spirit,Tempe,AZ,85281
Family Spirit,Scottsdale,AZ,85256
Family Spirit,San Carlos,AZ,85550
Family Spirit,Sells,AZ,85634
Family Spirit,Payson,AZ,85541
Family Spirit,Tuba City,AZ,86045
Family Spirit,Tuba City,AZ,86045
Family Spirit,Whiteriver,AZ,85941
Family Spirit,Calpella,CA,95418
Family Spirit,Fresno,CA,93710
Family Spirit,Red Bluff,CA,96080
Family Spirit,Valley Center,CA,92082
Family Spirit,Lakeport,CA,95453
Family Spirit,Oakland,CA,94601
Family Spirit,Willows,CA,95988
Family Spirit,Burney,CA,96013
Family Spirit,Temecula,CA,92592
Family Spirit,Sacramento,CA,95811
Family Spirit,Alpine,CA,91901
Family Spirit,Bishop,CA,93514
Family Spirit,Arcata,CA,95521
Family Spirit,St. Sault Ste Marie ,MI,49783
Family Spirit,Nett Lake,MN,55771
Family Spirit,Grand Portage,MN,55605
Family Spirit,South Richfield,MN,55423
Family Spirit,Duluth,MN,55806
Family Spirit,Cass Lake,MN,56633
Family Spirit,Red Lake,MN,56671
Family Spirit,Morton,MN,56270
Family Spirit,Slayton,MN,86172
Family Spirit,St. Louis,MO,63108
Family Spirit,Crow Agency,Mt,59022
Family Spirit,Lame Deer,MT,59043
Family Spirit,Niobrara,NE,68760
Family Spirit,Crownpoint,NM,87313
Family Spirit,San Felipe,NM,87001
Family Spirit,Santo Domingo,NM,87052
Family Spirit,Taos,NM,87571
Family Spirit,Oklahoma City,OK,73127
Family Spirit,Grove,OK,74345
Family Spirit,Eugene,OR,97402
Family Spirit,Portland,OR,97205
Family Spirit,Pendleton,OR,97801
Family Spirit,Eagle Butte,SD,57625
Family Spirit,Rapid City,SD,57702
Family Spirit,Blanding,UT,84511
Family Spirit,Montezuma Creek,UT,84534
Family Spirit,Port Angeles,WA,98364
Family Spirit,Bellingham,WA,98226
Family Spirit,Lac du Flambeau,WI,54538
Family Spirit,Arapaho,WY,82570
HFA,Huntsville,AL,35801
HFA,Little Rock,AR,72204
HFA,Stuttgart,AR,72160
HFA,Hot Springs,AR,71901
HFA,Mena,AR,71953
HFA,Harrison,AR,72601
HFA,Malvern,AR,72104
HFA,Huntsville,AR,72740
HFA,Springdale,AR,72764
HFA,Paragould,AR,72450
HFA,Springdale,AR,72764
HFA,Clinton,AR,72031
HFA,Hardy,AR,72542
HFA,Conway,AR,72034
HFA,Pago Pago,AS,96799
HFA,Casa Grande,AZ,85122
HFA,Sierra Vista/Nogales,AZ,85635
HFA,Cottonwood,AZ,86326
HFA,Lake Havasu City,AZ,86403
HFA,Flagstaff,AZ,86004
HFA,Tuba City/Winslow,AZ,86047
HFA,Phoenix,AZ,85018
HFA,Tucson,AZ,85716
HFA,Prescott Valley,AZ,86314
HFA,Safford,AZ,85546
HFA,Yuma,AZ,85364
HFA,Kingman/Bullhead City,AZ,85442
HFA,Lancaster,CA,93534
HFA,Nevada City,CA,95959
HFA,Davis,CA,95616
HFA,Oroville,CA,95966
HFA,Napa,CA,94559
HFA,Madera,CA,93638
HFA,El Centro,CA,92243
HFA,Riverside/San Bernadino,CA,92509
HFA,Fairfield,CA,94533
HFA,Escondido,CA,92025
HFA,San Diego,CA,92105
HFA,El Cajon,CA,92020
HFA,Chula Vista,CA,91910
HFA,Martinez,CA,94553
HFA,South El Monte,CA,91733
HFA,Inglewood,CA,90303
HFA,Los Angeles,CA,90262
HFA,Los Angeles,CA,90007
HFA,Palmdale,CA,93551
HFA,Long Beach,CA,90807
HFA,Long Beach,CA,90813
HFA,Los Angeles,CA,90004
HFA,Long Beach,CA,90806
HFA,El Monte,CA,91731
HFA,Long Beach,CA,90502
HFA,San Leandro,CA,94577
HFA,Red Bluff,CA,96080
HFA,Marysville,CA,95901
HFA,Rohnert Park,CA,94928
HFA,Los Angeles,CA,90003
HFA,Ukiah,CA,95482
HFA,Merced,CA,95341
HFA,Lancaster,CA,93534
HFA,Glenwood Springs,CO,81601
HFA,Washington,DC,20009
HFA,Washington,DC,20012
HFA,Washington,DC,20032
HFA,Dover,DE,19901
HFA,Wilmington,DE,19802
HFA,Bartow,FL,33830
HFA,Jacksonville,FL,33206
HFA,Kissimmee,FL,34741
HFA,Miami,FL,33136
HFA,Orlando,FL,32806
HFA,Sanford,FL,32773
HFA,Sarasota,FL,34235
HFA,Largo,FL,33774
HFA,Tampa,FL,33607
HFA,Palatka,FL,32177
HFA,Carrabelle,FL,32322
HFA,Bradenton,FL,34208
HFA,Hudson,FL,34667
HFA,Daytona Beach,FL,32114
HFA,Ft. Myers,FL,33901
HFA,Fort Pierce,FL,34950
HFA,Hollywood,FL,33020
HFA,Gainesville,FL,32605
HFA,St. Augustine,FL,32072
HFA,Key West,FL,33040
HFA,LaBelle,FL,33975
HFA,Marianna,FL,32446
HFA,Cocoa,FL,32922
HFA,Milton,FL,32570
HFA,Panama City,FL,32405
HFA,Pensacola,FL,32503
HFA,Port Charlotte,FL,33952
HFA,St. Augustine,FL,32086
HFA,Stuart,FL,34994
HFA,Tallahassee,FL,32314
HFA,Ocala,FL,34478
HFA,Vero Beach,FL,32960
HFA,West Palm Beach,FL,33406
HFA,Arcadia,FL,34266
HFA,Bronson,FL,32621
HFA,Crystal River,FL,34429
HFA,Sebring,FL,33875
HFA,Greeneville,FL,32340
HFA,Brunswick,GA,31520
HFA,Cordele,GA,31015
HFA,Watkinsville,GA,30677
HFA,Dalton,GA,30721
HFA,Columbus,GA,31907
HFA,Warner Robins,GA,31093
HFA,Savannah,GA,31406
HFA,Mangilao,GU,96913
HFA,Ewa Beach,HI,96706
HFA,Hilo,HI,96720
HFA,Wailuku,HI,96793
HFA,Lihue,HI,96766
HFA,Honolulu,HI,96819
HFA,,HI,96763
HFA,Webster City,IA,50595
HFA,Sioux City,IA,51105
HFA,Sioux City,IA,51101
HFA,Des Moines,IA,50311
HFA,Fort Madison,IA,52627
HFA,Independence,IA,50644
HFA,Fairfield,IA,52557
HFA,Sioux City,IA,51106
HFA,Waterloo,IA,50702
HFA,Davenport,IA,52802
HFA,Orange City,IA,51041
HFA,Rock Rapids,IA,51246
HFA,Cherokee,IA,51012
HFA,Clinton,IA,52732
HFA,Clarinda,IA,51632
HFA,Albia,IA,52531
HFA,Forest City,IA,50436
HFA,Ottumwa,IA,52501
HFA,Mason City,IA,50401
HFA,Chicago,IL,60623
HFA,Arlington Heights,IL,60004
HFA,Glen Ellyn,IL,60137
HFA,Chicago,IL,60612
HFA,Chicago,IL,60616
HFA,Chicago,IL,60634
HFA,Aurora,IL,60506
HFA,Carterville,IL,62918
HFA,Bloomington,IL,61701
HFA,Moline,IL,61265
HFA,Peoria,IL,61603
HFA,Glendale Heights,IL,60139
HFA,Chicago,IL,60610
HFA,Rockford,IL,61103
HFA,Pontiac,IL,61764
HFA,Chicago Heights,IL,60466
HFA,Aurora,IL,60505
HFA,Vandalia,IL,62471
HFA,Flora,IL,62839
HFA,Springfield,IL,62703
HFA,Watseka,IL,60970
HFA,Chicago,IL,60608
HFA,Sterling,IL,61081
HFA,Greenville,IL,62246
HFA,Sycamore,IL,60178
HFA,Waukegan,IL,60087
HFA,Rockford,IL,61108
HFA,Wheaton,IL,60187
HFA,Chicago,IL,60636
HFA,Granite City,IL,62040
HFA,Decatur,IL,62521
HFA,Normal,IL,61761
HFA,Chicago,IL,60657
HFA,Freeport,IL,61032
HFA,Chicago,IL,60651
HFA,Carlinville,IL,62626
HFA,Quincy,IL,62301
HFA,Joliet,IL,60432
HFA,Kankakee,IL,60901
HFA,Danville,IL,61832
HFA,Vincennes,IN,47591
HFA,Anderson,IN,46016
HFA,Attica,IN,47918
HFA,Auburn,IN,46706
HFA,Indianapolis,IN,46208
HFA,Bluffton,IN,46714
HFA,Jeffersonville,IN,47130
HFA,Bloomington,IN,47404
HFA,Corydon,IN,47112
HFA,Danville,IN,46122
HFA,Decatur,IN,46733
HFA,Elkhart,IN,46517
HFA,Greencastle,IN,46135
HFA,Fort Wayne,IN,46802
HFA,Mooresville,IN,46158
HFA,Indianapolis,IN,46203
HFA,Portage,IN,46368
HFA,Indianapolis,IN,46226
HFA,Jasper,IN,47546
HFA,Kokomo,IN,46901
HFA,Lafayette,IN,47904
HFA,,IN,46307
HFA,Paoli,IN,47454
HFA,Marion,IN,46952
HFA,Muncie,IN,47304
HFA,Jeffersonville,IN,47130
HFA,Valparaiso,IN,46385
HFA,Michigan City,IN,46360
HFA,Evansville,IN,47713
HFA,Bloomington,IN,47404
HFA,Logansport,IN,46947
HFA,Richmond,IN,47374
HFA,Shelbyville,IN,46176
HFA,South Bend,IN,46601
HFA,Tell City,IN,47586
HFA,Terre Haute,IN,47804
HFA,Washington,IN,47501
HFA,Hammond,IN,46996
HFA,Greensburg,IN,47240
HFA,Indianapolis,IN,46205
HFA,Portland,IN,47371
HFA,Jeffersonville,IN,47130
HFA,Warsaw,IN,46580
HFA,Princeton,IN,47670
HFA,Greenfield,IN,46140
HFA,Topeka,KS,66606
HFA,Hutchinson,KS,67501
HFA,Wichita,KS,67203
HFA,Emporia,KS,66801
HFA,Lawrence,KS,66044
HFA,Independence,KS,67301
HFA,Overland Park,KS,66202
HFA,Kansas City,KS,66101
HFA,Worcester,MA,01602
HFA,Brockton,MA,02301
HFA,Chelsea,MA,02150
HFA,Medford,MA,02155
HFA,Fall River,MA,02721
HFA,Falmouth,MA,02540
HFA,Gardner,MA,01440
HFA,Greenfield,MA,01301
HFA,Haverhill,MA,01830
HFA,Weymouth,MA,02188
HFA,Holyoke,MA,01040
HFA,Lawrence,MA,01840
HFA,Lowell,MA,01852
HFA,Lynn,MA,01902
HFA,Milford,MA,01757
HFA,New Bedford,MA,02740
HFA,Waltham,MA,02451
HFA,Northampton,MA,01060
HFA,North Adams,MA,01247
HFA,Kingston,MA,02364
HFA,Springfield,MA,01103
HFA,Taunton,MA,02780
HFA,Southbridge,MA,01550
HFA,Jamaica Plain,MA,02130
HFA,Chelsea,MA,02150
HFA,Towson,MD,21286
HFA,Huntingtown,MD,20639
HFA,LaPlata,MD,20646
HFA,Gaithersburg,MD,20877
HFA,Frederick,MD,21701
HFA,Oakland,MD,21550
HFA,Princess Anne,MD,21853
HFA,Adelphi,MD,20783
HFA,Cambridge,MD,21613
HFA,Hagerstown,MD,21742
HFA,Centreville,MD,21617
HFA,Baltimore,MD,21217
HFA,Salisbury,MD,21801
HFA,Columbia,MD,21044
HFA,Baltimore,MD,21205
HFA,Baltimore,MD,21223
HFA,Baltimore,MD,21218
HFA,Baltimore,MD,21215
HFA,Colmar Manor,MD,20722
HFA,Aberdeen,MD,21078
HFA,Cumberland,MD,21502
HFA,Muskegon,MI,49441
HFA,Grand Rapids,MI,49504
HFA,Howell,MI,48843
HFA,Wayne,MI,48219
HFA,Kalamazoo,MI,49048
HFA,Saginaw,MI,48603
HFA,Charlevoix,MI,49720
HFA,Manistique,MI,49854
HFA,Alpena,MI,49707
HFA,,MN,56031
HFA,West St. Paul,MN,55118
HFA,Minneapolis,MN,55413
HFA,Maplewood,MN,55109
HFA,Rochester,MN,55904
HFA,Austin,MN,55912
HFA,Anoka,MN,55303
HFA,Mora,MN,55051
HFA,Bagley,MN,56621
HFA,Newfolden,MN,56738
HFA,Detroit Lakes,MN,56501
HFA,Waite Park,MN,56387
HFA,Milaca,MN,56353
HFA,Buffalo,MN,55313
HFA,Grand Rapids,MN,55744
HFA,Elk River,MN,55330
HFA,Cloquet,MN,55720
HFA,Fergus Falls,MN,56537
HFA,Pine River,MN,56474
HFA,Virginia,MN,55792
HFA,Pine City,MN,55063
HFA,Kansas City,MO,64119
HFA,Rolla,MO,65401
HFA,Ellington,MO,63638
HFA,St. Louis,MO,63119
HFA,Columbia,MO,65203
HFA,Springfield,MO,65806
HFA,Kansas City,MO,64111
HFA,Moberly,MO,65270
HFA,Independence,MO,64055
HFA,St. James,MO,65559
HFA,Independence,MO,64057
HFA,Columbia,MO,65202
HFA,Saipan,MP,96950
HFA,Jackson,MS,39216
HFA,Jackson,MS,39609
HFA,Jackson,MS,39086
HFA,Jackson,MS,38761
HFA,Jackson,MS,39350
HFA,,MS,39059
HFA,Jackson,MS,38614
HFA,Jackson,MS,38676
HFA,Jackson,MS,38745
HFA,Jackson,MS,38721
HFA,Jackson,MS,38754
HFA,,MS,38924
HFA,Jackson,MS,38920
HFA,Jackson,MS,38701
HFA,Durham,NC,27701
HFA,Morganton,NC,28655
HFA,Charlotte,NC,28211
HFA,Burnsville,NC,28714
HFA,Wilson,NC,27894
HFA,Grand Forks,ND,58201
HFA,Bismarck,ND,58301
HFA,Lincoln,NE,68510
HFA,Scottsbluff,NE,69361
HFA,Auburn,NE,68305
HFA,Omaha,NE,68105
HFA,Omaha,NE,68144
HFA,Pender,NE,68047
HFA,Beatrice,NE,68310
HFA,Gorham,NH,03581
HFA,Wolfeboro,NH,03894
HFA,Manchester,NH,03101
HFA,Claremont,NH,03743
HFA,Dover,NH,03821
HFA,Keene,NH,03431
HFA,Laconia,NH,03246
HFA,Atlantic City,NJ,08401
HFA,Newark,NJ,07052
HFA,Fair Lawn,NJ,07410
HFA,Elizabeth,NJ,07208
HFA,Burlington,NJ,08060
HFA,Lakewood,NJ,08701
HFA,Glassboro,NJ,08024
HFA,Camden,NJ,08021
HFA,Swainton,NJ,08210
HFA,Trenton,NJ,08618
HFA,Newton,NJ,07860
HFA,Phillipsburg,NJ,08865
HFA,North Brunswick,NJ,08902
HFA,Albany,NY,12207
HFA,New York,NY,10027
HFA,Poughkeepsie,NY,12601
HFA,New York,NY,11432
HFA,Olean,NY,14760
HFA,Utica,NY,13501
HFA,Elmira,NY,14901
HFA,Bronx,NY,10468
HFA,New York,NY,11221
HFA,Plattsburgh,NY,12903
HFA,Niagara Falls,NY,14305
HFA,Schenectady,NY,12308
HFA,Staten Island,NY,10304
HFA,Buffalo,NY,14202
HFA,Yonkers,NY,10701
HFA,Brooklyn,NY,11216
HFA,Bronx,NY,10452
HFA,Binghamton,NY,13905
HFA,Penn Yan,NY,14424
HFA,Newburgh,NY,12566
HFA,Oneonta,NY,13820
HFA,Liberty,NY,12754
HFA,Oneida,NY,13421
HFA,Troy,NY,12180
HFA,Hornell,NY,14843
HFA,Kingston,NY,12401
HFA,Brooklyn,NY,11226
HFA,New York,NY,10033
HFA,Auburn,NY,13021
HFA,Hamden,NY,13782
HFA,Herkimer,NY,13350
HFA,Bay Shore,NY,11706
HFA,Owego,NY,13827
HFA,Bronx,NY,10462
HFA,Brooklyn,NY,11212
HFA,New York,NY,10002
HFA,Albany,NY,14891
HFA,Brooklyn,NY,11220
HFA,Oswego,NY,13126
HFA,Hudson,NY,12534
HFA,Watertown,NY,13601
HFA,Cincinnati,OH,45205
HFA,Cincinnati,OH,45227
HFA,Harrison,OH,45030
HFA,Cincinnati,OH,45230
HFA,Hamilton,OH,45011
HFA,Cincinnati,OH,45205
HFA,Toledo,OH,43604
HFA,Piketon,OH,45661
HFA,McArthur,OH,45651
HFA,Marion,OH,43302
HFA,Springfield,OH,44035
HFA,Warren,OH,44483
HFA,Youngstown,OH,44512
HFA,Wapakoneta,OH,45895
HFA,Wooster,OH,44691
HFA,Sidney,OH,45365
HFA,Columbus,OH,43215
HFA,Lorain,OH,44055
HFA,Dayton,OH,45417
HFA,Logan,OH,43138
HFA,Elyria,OH,44483
HFA,Cleveland,OH,44115
HFA,Mansfield,OH,44902
HFA,Canton,OH,44709
HFA,St. Clairsville,OH,43950
HFA,Highland Hills,OH,44128
HFA,Columbus,OH,43205
HFA,Norwalk,OH,44857
HFA,Columbus,OH,43026
HFA,Cincinnati,OH,45239
HFA,Portsmouth,OH,45662
HFA,Cadiz,OH,43910
HFA,Athens,OH,45701
HFA,Mt. Vernon,OH,43050
HFA,Ashtabula,OH,44004
HFA,Napoleon,OH,43545
HFA,Akron,OH,44313
HFA,Sandusky,OH,44870
HFA,Wilmington,OH,45177
HFA,Xenia,OH,45385
HFA,Cheshire,OH,45760
HFA,Coshocton,OH,43812
HFA,Bucyrus,OH,44820
HFA,Washington Court House,OH,43160
HFA,Van Wert,OH,45891
HFA,Lisbon,OH,44432
HFA,Cleveland,OH,44104
HFA,Steubenville,OH,43952
HFA,Caldwell,OH,43724
HFA,Lebanon,OH,45036
HFA,Greenfield,OH,45123
HFA,New Philadelphia,OH,44663
HFA,Marietta,OH,45750
HFA,Troy,OH,45373
HFA,Hillsboro,OH,45133
HFA,Greenville,OH,45331
HFA,Zanesville,OH,43701
HFA,Oklahoma City,OK,73101
HFA,Corvallis,OR,97333
HFA,Tillamook,OR,97141
HFA,Hillsboro,OR,97123
HFA,Salem,OR,97301
HFA,Eugene,OR,97401
HFA,Grants Pass,OR,97526
HFA,Hood River,OR,97031
HFA,Clackamas,OR,97015
HFA,Bend,OR,97701
HFA,Roseburg,OR,97470
HFA,John Day,OR,97845
HFA,St. Helens,OR,97051
HFA,North Bend,OR,97420
HFA,Portland,OR,97211
HFA,Hermiston,OR,97838
HFA,Enterprise,OR,97828
HFA,McMinnville,OR,97128
HFA,Lewistown,PA,17044
HFA,Erie,PA,16506
HFA,Philadelphia,PA,19130
HFA,Wilkinsburg,PA,15221
HFA,San Juan,PR,00936
HFA,San Juan,PR,00936
HFA,Woonsocket,RI,02895
HFA,Providence,RI,02903
HFA,Newport,RI,02840
HFA,Providence,RI,02905
HFA,Providence,RI,02905
HFA,Pawtucket,RI,02860
HFA,Narragansett,RI,02882
HFA,Providence,RI,02906
HFA,Cranston,RI,02920
HFA,Greenwood,SC,29646
HFA,Easley,SC,29640
HFA,Barnwell,SC,29812
HFA,Georgetown,SC,29440
HFA,North Charleston,SC,29406
HFA,Shelbyville,TN,37160
HFA,Memphis,TN,38103
HFA,Knoxville,TN,37921
HFA,Nashville,TN,37216
HFA,Oak Ridge,TN,37830
HFA,Nashville,TN,37220
HFA,Livington,TN,38570
HFA,Jackson,TN,38301
HFA,Clarksville,TN,37040
HFA,Columbia,TN,38401
HFA,Martin,TN,38238
HFA,Chattanooga,TN,37405
HFA,Tullahoma,TN,37388
HFA,Austin,TX,78701
HFA,San Angelo,TX,76904
HFA,Houston,TX,77074
HFA,Price,UT,84501
HFA,Hampton,VA,23669
HFA,Manassas,VA,20110
HFA,Martinsville,VA,24112
HFA,Richmond,VA,23220
HFA,Chesterfield,VA,23832
HFA,Culpeper,VA,22701
HFA,Danville,VA,24540
HFA,Fairfax,VA,22035
HFA,Lynchburg,VA,24503
HFA,Newport News,VA,23605
HFA,Alexandria,VA,22302
HFA,Harrisonburg,VA,22801
HFA,Quinton,VA,23124
HFA,Hopewell,VA,23860
HFA,Sterling,VA,20166
HFA,Winchester,VA,22601
HFA,Petersburg,VA,23803
HFA,Fredericksburg,VA,22408
HFA,Woodstock,VA,22664
HFA,Urbanna,VA,23175
HFA,Virginia Beach,VA,23462
HFA,Charlottesville,VA,22902
HFA,Suffolk,VA,23434
HFA,Big Stone Gap,VA,24219
HFA,Alexandria,VA,22302
HFA,Warrenton,VA,20186
HFA,Stanley,VA,22851
HFA,Richmond,VA,23223
HFA,South Boston,VA,24592
HFA,Roanoke,VA,24016
HFA,Christiansted,VI,00820
HFA,Waukesha,WI,53188
HFA,La Crosse,WI,54601
HFA,Green Bay,WI,54301
HFA,Rhinelander,WI,54501
HFA,Janesville,WI,53545
HFA,Milwaukee,WI,53204
HFA,St. Croix Chippewa Indians of Wisconsin,WI,54893
HFA,Sokaogon Chippewa Community,WI,54520
HFA,Bad River Band of Lake Superior Tribe of Chippewa Indians,WI,54806
HFA,Siren,WI,54872
HFA,Hayward,WI,54843
HFA,Franksville,WI,53126
HFA,Lac du Flambeau,WI,54538
HFA,Wausau,WI,54401
HFA,Huntington,WV,25701
HIPPY,Evergreen,AL,36401
HIPPY,Alexander City,AL,35010
HIPPY,Dothan,AL,36301
HIPPY,Grove Hill,AL,36451
HIPPY,Selma,AL,36703
HIPPY,Wetumpka,AL,36092
HIPPY,Eufaula,AL,36027
HIPPY,Fort Payne,AL,35967
HIPPY,Atmore,AL,36502
HIPPY,Mobile,AL,36617
HIPPY,Spanish Fort,AL,36527
HIPPY,Greenville,AL,36037
HIPPY,Monroeville,AL,36461
HIPPY,Tuskegee Institute,AL,36083
HIPPY,Madison,AL,35758
HIPPY,Montgomery,AL,36108
HIPPY,Marion,AL,36756
HIPPY,Sylacauga,AL,35150
HIPPY,Columbiana,AL,35051
HIPPY,Pike Road,AL,36064
HIPPY,Tuscaloosa,AL,35403
HIPPY,Jasper,AL,35501
HIPPY,Weogufka,AL,35183
HIPPY,Camden,AL,36726
HIPPY,Pine Bluff,AR,71601
HIPPY,Pine Bluff,AR,71601
HIPPY,Pine Bluff,AR,71601
HIPPY,Pine Bluff,AR,71601
HIPPY,Pine Bluff,AR,71601
HIPPY,Benton,AR,72015
HIPPY,Siloam Springs,AR,72761
HIPPY,West Fork,AR,72774
HIPPY,Little Rock,AR,72204
HIPPY,Arkadelphia,AR,71923
HIPPY,Bryant,AR,72022
HIPPY,Nashville,AR,71852
HIPPY,Earle,AR,72331
HIPPY,Brinkley,AR,72021
HIPPY,Marianna,AR,72360
HIPPY,Greenbrier,AR,72058
HIPPY,Heber Springs,AR,72543
HIPPY,Jonesboro,AR,72401
HIPPY,Jonesboro,AR,72401
HIPPY,Shirley,AR,72153
HIPPY,Blytheville,AR,72316-1289
HIPPY,Calico Rock,AR,72519
HIPPY,Walnut Ridge,AR,72476
HIPPY,Valley Springs,AR,72682
HIPPY,Camden,AR,71701
HIPPY,Jacksonville,AR,72076
HIPPY,Quitman,AR,72131
HIPPY,Rogers,AR,72756
HIPPY,Crossett,AR,71635
HIPPY,McGehee,AR,71654
HIPPY,Star City,AR,71667
HIPPY,Batesville,AR,72501
HIPPY,Hope,AR,71801
HIPPY,West Memphis,AR,72301
HIPPY,Judsonia,AR,72801
HIPPY,Searcy,AR,72145
HIPPY,England,AR,72046
HIPPY,Lonoke,AR,72086
HIPPY,Hazen,AR,72064
HIPPY,Riverside,CA,92509
HIPPY,El Centro,CA,92243
HIPPY,Pueblo,CO,81003
HIPPY,Denver,CO,80204
HIPPY,Denver,CO,80216
HIPPY,Lakewood,CO,80226
HIPPY,Commerce City,CO,80022
HIPPY,Greely,CO,80634
HIPPY,Washington,DC,20001
HIPPY,Washington,DC,20010
HIPPY,Tampa,FL,33687
HIPPY,Starke,FL,32091
HIPPY,Palatka,FL,32178
HIPPY,Riviera Beach,FL,33404
HIPPY,Miami,FL,33134
HIPPY,Naples,FL,34104
HIPPY,North Lauderdale,FL,33068
HIPPY,Miami,FL,33161
HIPPY,Quincy,FL,32351
HIPPY,Jasper,FL,32052
HIPPY,Bradenton,FL,34208
HIPPY,Sarasota,FL,34475
HIPPY,Miami,FL,33132
HIPPY,Wewahitchka,FL,32465
HIPPY,St. Petersburg,FL,33709
HIPPY,Sarasota,FL,34237
HIPPY,Arcadia,FL,34266
HIPPY,Wauchula,FL,33873
HIPPY,Gainesville,FL,32601
HIPPY,Honolulu,HI,96819
HIPPY,Kailua-Kona,HI,96740
HIPPY,Wailuku,HI,96793
HIPPY,Chicago,IL,60644
HIPPY,Newport,KY,45248
HIPPY,Baton Rouge,LA,70821
HIPPY,Huntingtown,MD,20639
HIPPY,Baltimore,MD,21217
HIPPY,Snow Hill,MD,21863
HIPPY,Lexington,MS,39095
HIPPY,Raleigh,NC,27609
HIPPY,Englewood,NJ,7631
HIPPY,Taos,NM,87571
HIPPY,Las Vegas,NV,89121
HIPPY,Sparks,NV,89431
HIPPY,Reno,NV,89502
HIPPY,Bronx,NY,10452
HIPPY,Cleveland,OH,44101
HIPPY,Cincinnati,OH,45202
HIPPY,Philadelphia,PA,19146
HIPPY,San Antonio,TX,78212
HIPPY,Amarillo,TX,79101
HIPPY,Dallas,TX,75244
HIPPY,McAllen,TX,78505
HIPPY,Corpus Christi,TX,78401
HIPPY,Houston,TX,77092
HIPPY,Irving,TX,75061
HIPPY,Dallas,TX,75240
HIPPY,Odessa,TX,79762
HIPPY,Longview,TX,75601
HIPPY,Wichita Falls,TX,76307
HIPPY,Dunn Loring,VA,22027
HIPPY,Milwaukee,WI,53212
HIPPY,Milwaukee,WI,53210
MECSH,,VT,05038
MECSH,,VT,05089
MECSH,,VT,05301
MECSH,,VT,05446
MECSH,,VT,05488
MECSH,,VT,05641
MECSH,,VT,05661
MECSH,,VT,05701
MECSH,,VT,05819
MTB,New Haven,CT,06519
MTB,Norwalk,CT,06850
MTB,Stamford,CT,06902
MTB,Miami,FL,33128
NFP,Anchorage,AK,99508
NFP,Anchorage,AK,99508
NFP,Tuscaloosa,AL,35401
NFP,Montgomery,AL,36106
NFP,Birmingham,AL,35294
NFP,Forrest City,AR,72336
NFP,Phoenix,AZ,85008
NFP,Tucson,AZ,85705
NFP,Phoenix,AZ,85012
NFP,Tucson,AZ,85714
NFP,San Diego,CA,92105
NFP,San Diego,CA,92123
NFP,Escondido,CA,92025
NFP,Oceanside,CA,92054
NFP,Los Angeles,CA,90015
NFP,San Francisco,CA,94102
NFP,Martinez,CA,94553
NFP,San Mateo,CA,94403
NFP,Modesto,CA,95353
NFP,Bakersfield,CA,93306
NFP,Chula Vista,CA,91911
NFP,Fresno,CA,93775
NFP,El Cajon,CA,92020
NFP,Los Angeles,CA,90005
NFP,Riverside,CA,92503
NFP,Sacramento,CA,95827
NFP,San Luis Obispo,CA,93401
NFP,Santa Ana,CA,92706
NFP,Sunnyvale,CA,94086
NFP,Redding,CA,96001
NFP,San Leandro,CA,94577
NFP,Fairfield,CA,94533
NFP,Eureka,CA,95501
NFP,Santa Rosa,CA,95404
NFP,Santa Cruz,CA,95060
NFP,Salinas,CA,93906
NFP,Alamosa,CO,81101
NFP,Boulder,CO,80304
NFP,Colorado Springs,CO,80907
NFP,Denver,CO,80204
NFP,Denver,CO,80221
NFP,Durango,CO,81301
NFP,Eagle,CO,81631
NFP,Fort Collins,CO,80524
NFP,Frisco,CO,80443
NFP,Glenwood Springs,CO,81601
NFP,Lakewood,CO,80215
NFP,Grand Junction,CO,81504
NFP,Greeley,CO,80631
NFP,Greenwood Village,CO,80111
NFP,Lamar,CO,81052
NFP,Montrose,CO,81401
NFP,Pueblo,CO,81001
NFP,Steamboat Springs,CO,80487
NFP,Burlington,CO,80807
NFP,Yuma,CO,80759
NFP,Colorado Springs,CO,80918
NFP,Cortez,CO,81321
NFP,Waterford,CT,06385
NFP,Wilmington,DE,19802
NFP,West Palm Beach,FL,33401
NFP,St. Petersburg,FL,33701
NFP,Fort Myers,FL,33901
NFP,Jacksonville,FL,32211
NFP,Hollywood,FL,33020
NFP,Doral,FL,33172
NFP,Quincy,FL,32353
NFP,Bartow,FL,33830
NFP,Lakeland,FL,33815
NFP,Orlando,FL,32804
NFP,Tampa,FL,33607
NFP,Perry,GA,31069
NFP,Des Moines,IA,50314
NFP,Council Bluffs,IA,51503
NFP,Clinton,IA,52732
NFP,Hayden,ID,83835
NFP,Caldwell,ID,83607
NFP,Aurora,IL,60506
NFP,Mt. Vernon,IL,62864
NFP,Springfield,IL,62794
NFP,Urbana,IL,61801
NFP,Indianapolis,IN,46278
NFP,Ft. Wayne,IN,46807
NFP,Bloomington,IN,47401
NFP,Topeka,KS,66606
NFP,Olathe,KS,66061
NFP,Alexandria,LA,71301
NFP,Baton Rouge,LA,70802
NFP,Covington,LA,70433
NFP,Houma,LA,70360
NFP,Jonesville,LA,71343
NFP,Lafayette,LA,70508
NFP,Lake Charles,LA,70601
NFP,New Orleans,LA,70112
NFP,Monroe,LA,71201
NFP,Natchitoches,LA,71457
NFP,Shreveport,LA,71108
NFP,Eunice,LA,70535
NFP,Livingston,LA,70754
NFP,Baltimore,MD,21205
NFP,Battle Creek,MI,49014
NFP,Detroit,MI,48202
NFP,Lansing,MI,48909
NFP,Benton Harbor,MI,49022
NFP,Grand Rapids,MI,49503
NFP,Kalamazoo,MI,49074
NFP,Pontiac,MI,48341
NFP,Saginaw,MI,48602
NFP,Flint,MI,48503
NFP,Warren,MI,48089
NFP,White Earth,MN,56591
NFP,Cloquet,MN,55720
NFP,Duluth,MN,55802
NFP,Fergus Falls,MN,56537
NFP,Glencoe,MN,55336
NFP,Moorhead,MN,56560
NFP,Minneapolis,MN,55413
NFP,Mora,MN,55051
NFP,Maplewood,MN,55109
NFP,Anoka,MN,55303
NFP,Long Prairie,MN,56347
NFP,St. Cloud,MN,56303
NFP,Buffalo,MN,55313
NFP,Cape Girardeau,MO,63701
NFP,Kansas City,MO,64108
NFP,St. Louis,MO,63121
NFP,Billings,MT,59101
NFP,Winston-Salem,NC,27101
NFP,Cherokee,NC,28719
NFP,Gastonia,NC,28052
NFP,Charlotte,NC,28202
NFP,Greensboro,NC,27406
NFP,Lumberton,NC,28356
NFP,Raleigh,NC,27610
NFP,Shelby,NC,28150
NFP,Marion,NC,28752
NFP,Jackson,NC,27845
NFP,Asheville,NC,28801
NFP,Greenville,NC,27834
NFP,Reidsville,NC,27320
NFP,Webster,NC,28788
NFP,Fargo,ND,58103
NFP,Camden,NJ,08104
NFP,East Orange,NJ,07107
NFP,Glassboro,NJ,08028
NFP,Milltown,NJ,08850
NFP,Paterson,NJ,07652
NFP,Red Bank,NJ,07701
NFP,Trenton,NJ,08608
NFP,Newark,NJ,07102
NFP,Newton,NJ,07860
NFP,Albuquerque,NM,87107
NFP,Las Vegas,NV,89110
NFP,Elmira,NY,14901
NFP,Glen Cove,NY,11542
NFP,Jamaica,NY,11432
NFP,New York,NY,10029
NFP,Corona,NY,11368
NFP,Jericho,NY,11753
NFP,Rochester,NY,14620
NFP,Syracuse,NY,13202
NFP,Auburn,NY,13021
NFP,Queens,NY,11101
NFP,Queens,NY,11101
NFP,Buffalo,NY,14203
NFP,Queens,NY,11101
NFP,New York,NY,10001
NFP,Bronx,NY,10458
NFP,Columbus,OH,43205
NFP,Dayton,OH,45417
NFP,Cleveland,OH,44109
NFP,Oklahoma City,OK,73117
NFP,Bend,OR,97701
NFP,Newport,OR,97365
NFP,Pendelton,OR,97801
NFP,Portland,OR,97204
NFP,Eugene,OR,97401
NFP,McMinnville,OR,97128
NFP,Medford,OR,97501
NFP,Hillsboro,OR,97124
NFP,Altoona,PA,16601
NFP,Bethlehem,PA,18017
NFP,Bloomsburg,PA,17815
NFP,Carlisle,PA,17013
NFP,Chester,PA,19013
NFP,Erie,PA,16507
NFP,Harrisburg,PA,17110
NFP,Lancaster,PA,17604
NFP,New Castle,PA,16101
NFP,Norristown,PA,19404
NFP,Philadelphia,PA,19125
NFP,Pittsburgh,PA,15221
NFP,Pottsville,PA,17901
NFP,Reading,PA,19601
NFP,Stroudsburg,PA,18360
NFP,Tunkhannock,PA,18657
NFP,Uniontown,PA,15401
NFP,West Chester,PA,19380
NFP,Wilkes-Barre,PA,18701
NFP,Williamsport,PA,17701
NFP,York,PA,17401
NFP,Towanda,PA,18848
NFP,Pawtucket,RI,02860
NFP,Anderson,SC,29625
NFP,Columbia,SC,29204
NFP,Greenville,SC,29605
NFP,Spartanburg,SC,29302
NFP,Greenwood,SC,29646
NFP,Conway,SC,29526
NFP,Charleston,SC,29401
NFP,Florence,SC,29502
NFP,Lexington,SC,29072
NFP,Rock Hill,SC,29731
NFP,Rapid City,SD,57701
NFP,Sioux Falls,SD,57104
NFP,Memphis,TN,38103
NFP,Johnson City,TN,37614
NFP,El Paso,TX,79905
NFP,Odessa,TX,79762
NFP,McAllen,TX,78502
NFP,Austin,TX,78723
NFP,Dallas,TX,75247
NFP,Dallas,TX,75235
NFP,Fort Worth,TX,76119
NFP,Houston,TX,77088
NFP,Bellaire,TX,77401
NFP,Lubbock,TX,79404
NFP,Port Arthur,TX,77640
NFP,San Antonio,TX,78210
NFP,San Antonio,TX,78207
NFP,Laredo,TX,78044
NFP,Houston,TX,77054
NFP,Waco,TX,76708
NFP,Longview,TX,75601
NFP,Corpus Christi,TX,78411
NFP,Amarillo,TX,70101
NFP,Tyler,TX,75708
NFP,Wichita Falls,TX,76307
NFP,San Antonio,TX,78212
NFP,St Thomas,VI,00802
NFP,Salt Lake City,UT,84190
NFP,Alexandria,VA,22309
NFP,Suffolk,VA,23434
NFP,Accomac,VA,23301
NFP,Saint Albans,VT,05478
NFP,St. Johnsbury,VT,05819
NFP,Rutland,VT,05701
NFP,Barre,VT,05641
NFP,White River Junction,VT,05001
NFP,Lynnwood,WA,98036
NFP,Mount Vernon,WA,98273
NFP,Olympia,WA,98506
NFP,Sheridan,WA,98584
NFP,Seattle,WA,98118
NFP,Spokane,WA,99201
NFP,Tacoma,WA,98407
NFP,Vancouver,WA,98661
NFP,Yakima,WA,98902
NFP,Bremerton,WA,98337
NFP,Bellingham,WA,98225
NFP,Kennewick,WA,99336
NFP,Madison,WI,53703
NFP,Milwaukee,WI,53202
NFP,Kenosha,WI,53143
NFP,Eau Claire,WI,54703
NFP,Cheyenne,WY,82002
PAT,Juneau,AK,99801
PAT,Anchorage,AK,99508
PAT,Anchorage,AK,99501
PAT,Homer,AK,99603
PAT,Valley,AL,36854
PAT,Decatur,AL,35601
PAT,Tuscaloosa,AL,35405
PAT,Eufaula,AL,36027
PAT,Montgomery,AL,36116
PAT,Mobile,AL,36617
PAT,Greenville,AL,36037
PAT,Guntersville,AL,35976
PAT,Decatur,AL,35602
PAT,Sylacauga,AL,35150
PAT,Talladega,AL,35160
PAT,BIRMINGHAM,AL,35205
PAT,Birmingham,AL,35211
PAT,Arkadelphia,AR,71923
PAT,Little Rock,AR,72202
PAT,Pine Bluff,AR,71601
PAT,West Memphis,AR,72301
PAT,Batesville,AR,72501
PAT,Bentonville,AR,72712
PAT,Van Buren,AR,72956
PAT,Fort Smith,AR,72904
PAT,Hardy,AR,72542
PAT,Jonesboro,AR,72401
PAT,Valley Springs,AR,72682
PAT,Paragould,AR,72450
PAT,Tucson,AZ,85705
PAT,Tucson,AZ,85714
PAT,Mesa,AZ,85210
PAT,Pinon,AZ,86510
PAT,Coolidge,AZ,85128
PAT,Tucson,AZ,85705
PAT,Phoenix,AZ,85014
PAT,Phoenix,AZ,85051
PAT,Mesa,AZ,85201
PAT,Somerton,AZ,85350
PAT,Chinle,AZ,86503
PAT,Dennehotso,AZ,86535
PAT,Yuma,AZ,85364
PAT,Sierra Vista,AZ,85635
PAT,Fort McDowell,AZ,85264
PAT,Sacaton,AZ,85147
PAT,Ganado,AZ,86505
PAT,Peach Springs,AZ,86434
PAT,Whiteriver,AZ,85941
PAT,Kayenta,AZ,86033
PAT,Winslow,AZ,86047
PAT,Winslow,AZ,86047
PAT,Lukachukai,AZ,86507
PAT,Many Farms,AZ,86538
PAT,Tucson,AZ,85741
PAT,Phoenix,AZ,85012
PAT,Window Rock,AZ,86515
PAT,Pinon,AZ,86510
PAT,Chinle,AZ,86503
PAT,Scottsdale,AZ,85256
PAT,Winslow,AZ,86047
PAT,Tucson,AZ,85706
PAT,Teec Nos Pos,AZ,86514
PAT,Tuba City,AZ,86045
PAT,Flagstaff,AZ,86004
PAT,Chatsworth,CA,91311
PAT,Salinas,CA,93901
PAT,Panorama City,CA,91402
PAT,North Hills,CA,91343
PAT,Bell Gardens,CA,90201
PAT,Roseville,CA,95678
PAT,San Diego,CA,92105
PAT,Los Angeles,CA,90023
PAT,Hawthorne,CA,90250
PAT,Riverside,CA,92501
PAT,Banning,CA,92220
PAT,Los Angeles,CA,90047
PAT,San Carlos,CA,94070
PAT,Whittier,CA,90603
PAT,Los Angeles,CA,90008
PAT,San Francisco,CA,94108
PAT,Cañon City,CO,81215
PAT,Colorado Springs,CO,80909
PAT,Centennial,CO,80111
PAT,Fort Collins,CO,80524
PAT,Boulder,CO,80304
PAT,Telluride,CO,81435
PAT,Pueblo,CO,81003
PAT,Divide,CO,80814
PAT,Delta,CO,81416
PAT,Estes Park,CO,80517
PAT,Denver,CO,80231
PAT,Silverthorne,CO,80498
PAT,Steamboat Springs,CO,80477
PAT,Denver,CO,80211
PAT,Denver,CO,80223
PAT,Denver,CO,80216
PAT,Westminster,CO,80030
PAT,Grand Junction,CO,81501
PAT,Montrose,CO,81401
PAT,Alamosa,CO,81101
PAT,Durango,CO,81301
PAT,Denver,CO,80211
PAT,Fort Morgan,CO,80701
PAT,Conifer,CO,80433
PAT,Greeley,CO,80631
PAT,Cortez,CO,81321
PAT,Rocky Ford,CO,81067
PAT,Carbondale,CO,81623
PAT,Hebron,CT,06248
PAT,New Haven,CT,06511
PAT,Branford,CT,06405
PAT,New Haven,CT,06515
PAT,Bridgeport,CT,06605
PAT,Bridgeport,CT,06610
PAT,Bristol,CT,06010
PAT,Hartford,CT,06106
PAT,West Hartford,CT,06110
PAT,Bridgeport,CT,06604
PAT,Bridgeport,CT,06604
PAT,Meriden,CT,06450
PAT,New Britain,CT,06051
PAT,Danbury,CT,06810
PAT,East Hartford,CT,06118
PAT,Hartford,CT,06103
PAT,Branford,CT,06405
PAT,Broad Brook,CT,06016
PAT,Manchester,CT,06040
PAT,Litchfield,CT,06759
PAT,Enfield,CT,06082
PAT,New Haven,CT,06513
PAT,Danbury,CT,06810
PAT,Norwalk,CT,06850
PAT,East Haven,CT,06512
PAT,East Hartford,CT,06108
PAT,Norwalk,CT,06850
PAT,Willimantic,CT,06226
PAT,Rogers,CT,06263
PAT,Hamden,CT,06514
PAT,Hartford,CT,06106
PAT,New Haven,CT,06519
PAT,Hartford,CT,06106
PAT,New Britain,CT,06052
PAT,Meriden,CT,06451
PAT,Bloomfield,CT,06002
PAT,Norwich,CT,06360
PAT,Manchester,CT,06040
PAT,Middletown,CT,06457
PAT,Milford,CT,06461
PAT,Norwalk,CT,06851
PAT,Hartford,CT,06103
PAT,New Haven,CT,06511
PAT,Northford,CT,06472
PAT,Norwich,CT,06360
PAT,Windsor,CT,06095
PAT,Bridgeport,CT,06608
PAT,Plainfield,CT,06374
PAT,Plainville,CT,06062
PAT,Plymouth,CT,06782
PAT,Putnam,CT,06260
PAT,Stamford,CT,06902
PAT,Norwalk,CT,06854
PAT,Stratford,CT,06615
PAT,New London,CT,06320
PAT,Hartford,CT,06106
PAT,Tolland,CT,06084
PAT,Hartford Street,CT,06105
PAT,Stonington,CT,06378
PAT,West Haven,CT,06516
PAT,Hartford,CT,06106
PAT,Stafford Springs,CT,06076
PAT,North Windham,CT,06256
PAT,Willimantic,CT,06226
PAT,Winsted,CT,06098
PAT,Waterbury,CT,06704
PAT,Washington,DC,20009
PAT,Washington,DC,20009
PAT,Newark,DE,19711
PAT,Harrington,DE,19952
PAT,Woodside,DE,19980
PAT,Harrington,DE,19952
PAT,Sunrise,FL,33351
PAT,Tampa,FL,33609
PAT,Gainesville,FL,32606
PAT,Greenville,FL,32331
PAT,Pinellas Park,FL,33782
PAT,Miami,FL,33169
PAT,Miami,FL,33169
PAT,Vero Beach,FL,32960
PAT,Sarasota,FL,34243
PAT,Miami,FL,33130
PAT,Gainesville,FL,32606
PAT,Miami,FL,33199
PAT,Greensboro,GA,30642
PAT,Augusta,GA,30901
PAT,Cartersville,GA,30120
PAT,Jackson,GA,30233
PAT,Jonesboro,GA,30236
PAT,Marietta,GA,30060
PAT,Ft Oglethorpe,GA,30742
PAT,Clarkston,GA,30021
PAT,Elberton,GA,30635
PAT,Atlanta,GA,30314
PAT,Albany,GA,31702
PAT,Dalton,GA,30721
PAT,Valdosta,GA,31602
PAT,Thomson,GA,30824
PAT,Madison,GA,30650
PAT,Columbus,GA,31901
PAT,Atlanta,GA,30345
PAT,Calhoun,GA,30703
PAT,Macon,GA,31201
PAT,Clarkesville,GA,30523
PAT,Jasper,GA,30143
PAT,Conyers,GA,30094
PAT,Scottdale,GA,30079
PAT,Lagrange,GA,30240
PAT,LaGrange,GA,30241
PAT,Atlanta,GA,30303
PAT,Jonesboro,GA,30236
PAT,Washington,GA,30673
PAT,Waianae,HI,96792
PAT,Honolulu,HI,96819
PAT,Marshalltown,IA,50158
PAT,Atlantic,IA,50022
PAT,Osceola,IA,50213
PAT,Burlington,IA,52601
PAT,Dubuque,IA,52001
PAT,Sioux City,IA,51106
PAT,Council Bluffs,IA,51503
PAT,Clarinda,IA,51632
PAT,Decorah,IA,52101
PAT,Manchester,IA,52057
PAT,Newton,IA,50208
PAT,Des Moines,IA,50311
PAT,Ames,IA,50010
PAT,Knoxville,IA,50138
PAT,Grinnell,IA,50112
PAT,Glenwood,IA,51534
PAT,Muscatine,IA,52761
PAT,Harlan,IA,51537
PAT,Waterloo,IA,50703
PAT,Indianola,IA,50125
PAT,Mount Ayr,IA,50854
PAT,Chariton,IA,50049
PAT,Ottumwa,IA,52501
PAT,Creston,IA,50801
PAT,Washington,IA,52353
PAT,Iowa City,IA,52240
PAT,Keosauqua,IA,52565
PAT,Corydon,IA,50060
PAT,Boise,ID,83704
PAT,Idaho Falls,ID,83401
PAT,Coeur D Alene,ID,83814
PAT,Rexburg,ID,83440
PAT,Lewiston,ID,83501
PAT,Twin Falls,ID,83301
PAT,Pocatello,ID,83204
PAT,Kewanee,IL,61443
PAT,Alton,IL,62002
PAT,Antioch,IL,60002
PAT,Olney,IL,62450
PAT,Aurora,IL,60505
PAT,Glen Ellyn,IL,60137
PAT,Tamms,IL,62988
PAT,Peoria,IL,61603
PAT,Atkinson,IL,61235
PAT,Cairo,IL,62914
PAT,Carbondale,IL,62901
PAT,Danville,IL,61832
PAT,Chicago,IL,60617
PAT,Chicago,IL,60636
PAT,Bloomington,IL,61701
PAT,Chicago,IL,60631
PAT,Chicago,IL,60639
PAT,Flora,IL,62839
PAT,Sauk Village,IL,60411
PAT,Carpentersville,IL,60110
PAT,East Saint Louis,IL,62201
PAT,Blue Island,IL,60406
PAT,Peoria,IL,61605
PAT,Decatur,IL,62526
PAT,Wheaton,IL,60187
PAT,East Dubuque,IL,61025
PAT,Oak Park,IL,60302
PAT,Riverdale,IL,60827
PAT,Elgin,IL,60123
PAT,Evanston,IL,60201
PAT,Chicago,IL,60636
PAT,Evanston,IL,60201
PAT,Aurora,IL,60505
PAT,Chicago,IL,60607
PAT,Chicago,IL,60624
PAT,Cicero,IL,60804
PAT,Freeport,IL,61032
PAT,Kankakee,IL,60901
PAT,Flora,IL,62839
PAT,Oak Forest,IL,60452
PAT,Granite City,IL,62040
PAT,Matteson,IL,60443
PAT,Danville,IL,61832
PAT,Harvard,IL,60033
PAT,Harvey,IL,60426
PAT,Chicago,IL,60640
PAT,Jerseyville,IL,62052
PAT,Joliet,IL,60435
PAT,East Saint Louis,IL,62201
PAT,La Grange,IL,60525
PAT,Decatur,IL,62521
PAT,Madison,IL,62060
PAT,Chicago,IL,60612
PAT,Mendota,IL,61342
PAT,Naperville,IL,60540
PAT,Roodhouse,IL,62082
PAT,Sterling,IL,61081
PAT,Kankakee,IL,60901
PAT,Pembroke Township,IL,60958
PAT,Peoria Heights,IL,61616
PAT,Wheaton,IL,60187
PAT,Princeton,IL,61356
PAT,Mount Carmel,IL,62863
PAT,West Chicago,IL,60185
PAT,Macomb,IL,61455
PAT,Monmouth,IL,61462
PAT,Chicago,IL,60607
PAT,Chicago,IL,60651
PAT,Savanna,IL,61074
PAT,Rockford,IL,61101
PAT,Hillsboro,IL,62049
PAT,Chicago,IL,60628
PAT,Bellwood,IL,60104
PAT,Chicago,IL,60603
PAT,Schaumburg,IL,60194
PAT,Hume,IL,61932
PAT,Chicago,IL,60608
PAT,Aurora,IL,60505
PAT,Carbondale,IL,62901
PAT,Springfield,IL,62702
PAT,Collinsville,IL,62234
PAT,Chicago,IL,60615
PAT,Danville,IL,61832
PAT,Arlington Heights,IL,60005
PAT,Cicero,IL,60804
PAT,Chicago,IL,60607
PAT,Aurora,IL,60506
PAT,Quincy,IL,62305
PAT,Troy,IL,62294
PAT,Chicago,IL,60641
PAT,Carbondale,IL,62903
PAT,Woodstock,IL,60098
PAT,Fairfield,IL,62837
PAT,Harvey,IL,60426
PAT,Wood Dale,IL,60191
PAT,Chicago,IL,60637
PAT,Evansville,IN,47713
PAT,Richmond,IN,47374
PAT,Hammond,IN,46320
PAT,Hammond,IN,46323
PAT,Abilene,KS,67410
PAT,Topeka,KS,66610
PAT,Beloit,KS,67420
PAT,De Soto,KS,66018
PAT,Dighton,KS,67839
PAT,Gardner,KS,66030
PAT,Junction City,KS,66441
PAT,Goddard,KS,67052
PAT,Great Bend,KS,67530
PAT,Overland Park,KS,66212
PAT,Hays,KS,67601
PAT,Haysville,KS,67060
PAT,Herington,KS,67449
PAT,Hugoton,KS,67951
PAT,Hutchinson,KS,67501
PAT,Rossville,KS,66533
PAT,Ozawkie,KS,66070
PAT,Altamont,KS,67330
PAT,Concordia,KS,66901
PAT,Wichita,KS,67205
PAT,Manhattan,KS,66502
PAT,Hillsboro,KS,67063
PAT,Phillipsburg,KS,67661
PAT,Minneapolis,KS,67467
PAT,Oakley,KS,67748
PAT,Olathe,KS,66061
PAT,Lyons,KS,67554
PAT,Rose Hill,KS,67133
PAT,Hoyt,KS,66440
PAT,Girard,KS,66743
PAT,Gypsum,KS,67448
PAT,Stafford,KS,67578
PAT,Topeka,KS,66611
PAT,Bennington,KS,67422
PAT,Pratt,KS,67124
PAT,Chapman,KS,67431
PAT,Coffeyville,KS,67337
PAT,Mulvane,KS,67110
PAT,Bonner Springs,KS,66012
PAT,Overland Park,KS,66223
PAT,Wichita,KS,67214
PAT,Derby,KS,67037
PAT,Wamego,KS,66547
PAT,PAOLA,KS,66071
PAT,Newton,KS,67114
PAT,Garden City,KS,67846
PAT,Lansing,KS,66043
PAT,Lawrence,KS,66046
PAT,South Haven,KS,67140
PAT,Salina,KS,67401
PAT,Westmoreland,KS,66549
PAT,Baldwin City,KS,66006
PAT,Clay Center,KS,67432
PAT,Vermillion,KS,66544
PAT,Dodge City,KS,67801
PAT,Basehor,KS,66007
PAT,Larned,KS,67550
PAT,Waterville,KS,66548
PAT,Winfield,KS,67156
PAT,Somerset,KY,42502
PAT,New Orleans,LA,70112
PAT,New Orleans,LA,70112
PAT,New Orleans,LA,70112
PAT,Pittsfield,MA,01201
PAT,New Bedford,MA,02745
PAT,Lynn,MA,01902
PAT,Salem,MA,01970
PAT,Revere,MA,02151
PAT,Fitchburg,MA,01420
PAT,Springfield,MA,01103
PAT,Hagerstown,MD,21740
PAT,Westminster,MD,21157
PAT,Ellicott City,MD,21043
PAT,Lewiston,ME,04240
PAT,Waterville,ME,04901
PAT,Houlton,ME,04730
PAT,Portland,ME,04101
PAT,Farmington,ME,04938
PAT,Ellsworth,ME,04605
PAT,Waldoboro,ME,04572
PAT,South Paris,ME,04281
PAT,Bangor,ME,04401
PAT,Waldo,ME,04915
PAT,Machias,ME,04654
PAT,Sanford,ME,04073
PAT,Adrian,MI,49221
PAT,Bay City,MI,48706
PAT,Berrien Springs,MI,49103
PAT,Houghton,MI,49931
PAT,Coldwater,MI,49036
PAT,Grand Rapids,MI,49525
PAT,Battle Creek,MI,49017
PAT,Zeeland,MI,49464
PAT,Escanaba,MI,49829
PAT,Sault Ste. Marie,MI,49783
PAT,Charlotte,MI,48813
PAT,Flint,MI,48502
PAT,Flint,MI,48507
PAT,Grand Blanc,MI,48439
PAT,Hastings,MI,49058
PAT,Wilson,MI,49896
PAT,Bad Axe,MI,48413
PAT,Mason,MI,48854
PAT,Jackson,MI,49202
PAT,Kalamazoo,MI,49006
PAT,Adrian,MI,49221
PAT,Cassopolis,MI,49031
PAT,Clinton Township,MI,48038
PAT,Marquette,MI,49855
PAT,Monroe,MI,48161
PAT,Alpena,MI,49707
PAT,Newaygo,MI,49337
PAT,Pontiac,MI,48341
PAT,Cadillac,MI,49601
PAT,Holland,MI,49424
PAT,Saginaw,MI,48602
PAT,Saginaw,MI,48601
PAT,Sandusky,MI,48471
PAT,Saginaw,MI,48607
PAT,Ypsilanti,MI,48197
PAT,Marysville,MI,48040
PAT,Indian River,MI,49749
PAT,Lawrence,MI,49064
PAT,Ann Arbor,MI,48103
PAT,Cloquet,MN,55720
PAT,Novinger,MO,63559
PAT,Affton,MO,63123
PAT,Appleton City,MO,64724
PAT,Archie,MO,64725
PAT,Aurora,MO,65605
PAT,Cosby,MO,64436
PAT,Avilla,MO,64833
PAT,Belton,MO,64012
PAT,Bernie,MO,63822
PAT,Billings,MO,65610
PAT,Bismarck,MO,63624
PAT,Saint Louis,MO,63110
PAT,Blackwater,MO,65322
PAT,Jefferson City,MO,65101
PAT,Blue Eye,MO,65611
PAT,Blue Springs,MO,64015
PAT,Bolivar,MO,65613
PAT,Bowling Green,MO,63334
PAT,Branson,MO,65616
PAT,Braymer,MO,64624
PAT,Brentwood,MO,63144
PAT,Bunker,MO,63629
PAT,Butler,MO,64730
PAT,Cabool,MO,65689
PAT,Calhoun,MO,65323
PAT,Camdenton,MO,65020
PAT,Cameron,MO,64429
PAT,Canton,MO,63435
PAT,Cape Girardeau,MO,63701
PAT,Carl Junction,MO,64834
PAT,Carrollton,MO,64633
PAT,Carthage,MO,64836
PAT,Caruthersville,MO,63830
PAT,Cassville,MO,65625
PAT,Kansas City,MO,64114
PAT,Park Hills,MO,63601
PAT,Centralia,MO,65240
PAT,Chaffee,MO,63740
PAT,Charleston,MO,63834
PAT,Chillicothe,MO,64601
PAT,Clayton,MO,63105
PAT,Piedmont,MO,63957
PAT,Springfield,MO,65810
PAT,Climax Springs,MO,65324
PAT,Plattsburg,MO,64477
PAT,Clinton,MO,64735
PAT,Eugene,MO,65032
PAT,Russellville,MO,65074
PAT,Columbia,MO,65202
PAT,Laddonia,MO,63352
PAT,Concordia,MO,64020
PAT,Pilot Grove,MO,65276
PAT,Crocker,MO,65452
PAT,Buffalo,MO,65622
PAT,De Soto,MO,63020
PAT,Dexter,MO,63841
PAT,Dixon,MO,65459
PAT,Doniphan,MO,63935
PAT,Dora,MO,65637
PAT,Gainesville,MO,65655
PAT,Granby,MO,64844
PAT,East Prairie,MO,63845
PAT,El Dorado Springs,MO,64744
PAT,Eldon,MO,65026
PAT,Eminence,MO,65466
PAT,Excelsior Springs,MO,64024
PAT,Exeter,MO,65647
PAT,Fair Grove,MO,65648
PAT,Fair Play,MO,65649
PAT,West Plains,MO,65775
PAT,Farmington,MO,63640
PAT,Fayette,MO,65248
PAT,Berkeley,MO,63134
PAT,Fordland,MO,65652
PAT,Independence,MO,64058
PAT,St. Peters,MO,63376
PAT,Arnold,MO,63010
PAT,Saint Charles,MO,63304
PAT,Fulton,MO,65251
PAT,Hermann,MO,65041
PAT,Rosebud,MO,63091
PAT,Glasgow,MO,65254
PAT,Grain Valley,MO,64029
PAT,Grandview,MO,64030
PAT,Salem,MO,65560
PAT,Greenfield,MO,65661
PAT,Greenville,MO,63944
PAT,Hallsville,MO,65255
PAT,Hamilton,MO,64644
PAT,Saint Louis,MO,63125
PAT,Hannibal,MO,63401
PAT,Hannibal,MO,63401
PAT,Harrisonville,MO,64701
PAT,Florissant,MO,63033
PAT,WINDSOR,MO,65360
PAT,Kansas City,MO,64134
PAT,Holcomb,MO,63852
PAT,Hollister,MO,65672
PAT,Houston,MO,65483
PAT,Hurley,MO,65675
PAT,Independence,MO,64050
PAT,Viburnum,MO,65566
PAT,Jackson,MO,63755
PAT,Jefferson City,MO,65109
PAT,Festus,MO,63028
PAT,Jennings,MO,63136
PAT,Joplin,MO,64801
PAT,West Plains,MO,65775
PAT,Kansas City,MO,64106
PAT,Kearney,MO,64060
PAT,Kennett,MO,63857
PAT,King City,MO,64463
PAT,Cadet,MO,63630
PAT,Kirbyville,MO,65679
PAT,Kirksville,MO,63501
PAT,Kirkwood,MO,63122
PAT,Knob Noster,MO,65336
PAT,Conway,MO,65632
PAT,Saint Louis,MO,63141
PAT,Higginsville,MO,64037
PAT,Deepwater,MO,64740
PAT,Lamar,MO,64759
PAT,Lathrop,MO,64465
PAT,Lebanon,MO,65536
PAT,Lees Summit,MO,64086
PAT,Leeton,MO,64761
PAT,Lesterville,MO,63654
PAT,Lewistown,MO,63452
PAT,Liberal,MO,64762
PAT,Kansas City,MO,64158
PAT,Licking,MO,65542
PAT,Elsberry,MO,63343
PAT,Saint Louis,MO,63126
PAT,Chula,MO,64635
PAT,Rogersville,MO,65742
PAT,Lone Jack,MO,64070
PAT,Lonedell,MO,63060
PAT,Louisiana,MO,63353
PAT,Theodosia,MO,65761
PAT,Macon,MO,63552
PAT,Malden,MO,63863
PAT,Malta Bend,MO,65339
PAT,Mountain Grove,MO,65711
PAT,Mansfield,MO,65704
PAT,Maplewood,MO,63143
PAT,Marceline,MO,64658
PAT,Philadelphia,MO,63463
PAT,Marionville,MO,65705
PAT,Marshall,MO,65340
PAT,Marshfield,MO,65706
PAT,Anderson,MO,64831
PAT,Patton,MO,63662
PAT,Meadville,MO,64659
PAT,Saint Louis,MO,63125
PAT,Pacific,MO,63069
PAT,Mexico,MO,65265
PAT,Cleveland,MO,64734
PAT,Miller,MO,65707
PAT,Moberly,MO,65270
PAT,Monroe City,MO,63456
PAT,Versailles,MO,65084
PAT,Mountain Grove,MO,65711
PAT,Mount Vernon,MO,65712
PAT,Neelyville,MO,63954
PAT,Cape Girardeau,MO,63701
PAT,Neosho,MO,64850
PAT,Nevada,MO,64772
PAT,New Bloomfield,MO,65063
PAT,New Franklin,MO,65274
PAT,New Haven,MO,63068
PAT,New Madrid,MO,63869
PAT,Nixa,MO,65714
PAT,Normandy,MO,63121
PAT,Rosendale,MO,64483
PAT,Kingdom City,MO,65262
PAT,Eagleville,MO,64442
PAT,Kansas City,MO,64116
PAT,Shelbyville,MO,63439
PAT,House Springs,MO,63051
PAT,Oak Grove,MO,64075
PAT,Oak Ridge,MO,63769
PAT,Odessa,MO,64076
PAT,Saint Charles,MO,63301
PAT,Orrick,MO,64077
PAT,Westphalia,MO,65085
PAT,Linn,MO,65051
PAT,Osceola,MO,64776
PAT,Otterville,MO,65348
PAT,Ozark,MO,65721
PAT,Saint Elizabeth,MO,65075
PAT,Palmyra,MO,63461
PAT,Grant City,MO,64456
PAT,Appleton City,MO,64724
PAT,Campbell,MO,63933
PAT,Altenburg,MO,63732
PAT,Albany,MO,64402
PAT,Ironton,MO,63650
PAT,Ash Grove,MO,65604
PAT,Bronaugh,MO,64728
PAT,Clarkton,MO,63837
PAT,Bunceton,MO,65237
PAT,Crane,MO,65633
PAT,Clinton,MO,64735
PAT,Salem,MO,65560
PAT,Forsyth,MO,65653
PAT,Gideon,MO,63848
PAT,Appleton City,MO,64724
PAT,GREEN RIDGE,MO,65332
PAT,Maitland,MO,64466
PAT,Mendon,MO,64660
PAT,Hayti,MO,63851
PAT,Alma,MO,64001
PAT,Senath,MO,63876
PAT,Saint Clair,MO,63077
PAT,Sweet Springs,MO,65351
PAT,Trenton,MO,64683
PAT,Wright City,MO,63390
PAT,Zalma,MO,63787
PAT,Clinton,MO,64735
PAT,Kansas City,MO,64152
PAT,Ballwin,MO,63011
PAT,Saint Ann,MO,63074
PAT,Perryville,MO,63775
PAT,Pierce City,MO,65723
PAT,Plato,MO,65552
PAT,Edgerton,MO,64444
PAT,Pleasant Hill,MO,64080
PAT,Pleasant Hope,MO,65725
PAT,Polo,MO,64671
PAT,Portageville,MO,63873
PAT,Potosi,MO,63664
PAT,Prairie Home,MO,65068
PAT,Purdy,MO,65734
PAT,Unionville,MO,63565
PAT,Puxico,MO,63960
PAT,Center,MO,63436
PAT,Raymondville,MO,65555
PAT,Peculiar,MO,64078
PAT,Raytown,MO,64133
PAT,Reeds Spring,MO,65737
PAT,Renick,MO,65278
PAT,Boonville,MO,65233
PAT,Republic,MO,65738
PAT,West Plains,MO,65775
PAT,Richland,MO,65556
PAT,Ridgeway,MO,64481
PAT,Saint Louis,MO,63146
PAT,Saint Louis,MO,63114
PAT,Rock Port,MO,64482
PAT,Chesterfield,MO,63005
PAT,Rolla,MO,65401
PAT,Sarcoxie,MO,64862
PAT,Savannah,MO,64485
PAT,Saint Louis,MO,63137
PAT,Lake Ozark,MO,65049
PAT,Memphis,MO,63555
PAT,Sikeston,MO,63801
PAT,Benton,MO,63736
PAT,Sedalia,MO,65301
PAT,Seneca,MO,64865
PAT,Seymour,MO,65746
PAT,Shell Knob,MO,65747
PAT,Sikeston,MO,63801
PAT,Norwood,MO,65717
PAT,Slater,MO,65349
PAT,Smithville,MO,64089
PAT,Mokane,MO,65059
PAT,Bethany,MO,64424
PAT,Ashland,MO,65010
PAT,Cardwell,MO,63829
PAT,Washburn,MO,65772
PAT,Sparta,MO,65753
PAT,Spickard,MO,64679
PAT,Springfield,MO,65803
PAT,Saint Charles,MO,63303
PAT,Ste Genevieve,MO,63670
PAT,Saint James,MO,65559
PAT,Saint Joseph,MO,64507
PAT,Saint Louis,MO,63101
PAT,Stanberry,MO,64489
PAT,Steelville,MO,65565
PAT,Stoutland,MO,65567
PAT,Strafford,MO,65757
PAT,Sturgeon,MO,65284
PAT,Success,MO,65570
PAT,Sullivan,MO,63080
PAT,Summersville,MO,65571
PAT,Taneyville,MO,65759
PAT,Thornfield,MO,65762
PAT,Tipton,MO,65081
PAT,Troy,MO,63379
PAT,Broseley,MO,63932
PAT,Caledonia,MO,63631
PAT,Vandalia,MO,63382
PAT,Verona,MO,65769
PAT,Warrensburg,MO,64093
PAT,Edwards,MO,65326
PAT,Washington,MO,63090
PAT,Ft. Leonard Wood,MO,65473
PAT,Webb City,MO,64870
PAT,Webster Groves,MO,63119
PAT,Webster Groves,MO,63119
PAT,Wellsville,MO,63384
PAT,Wentzville,MO,63385
PAT,Leadwood,MO,63653
PAT,Weston,MO,64098
PAT,Huntsville,MO,65259
PAT,Wheaton,MO,64874
PAT,Willard,MO,65781
PAT,Imperial,MO,63052
PAT,Winfield,MO,63389
PAT,Winona,MO,65588
PAT,Choctaw,MS,39350
PAT,Butte,MT,59701
PAT,Anaconda,MT,59711
PAT,Hardin,MT,59034
PAT,Sidney,MT,59270
PAT,Great Falls,MT,59401
PAT,Pablo,MT,59855
PAT,Miles City,MT,59301
PAT,Glendive,MT,59330
PAT,Kalispell,MT,59901
PAT,Poplar,MT,59255
PAT,Polson,MT,59860
PAT,Livingston,MT,59047
PAT,Helena,MT,59601
PAT,Superior,MT,59872
PAT,Great Falls,MT,59403
PAT,Bozeman,MT,59715
PAT,Billings,MT,59101
PAT,Wolf Point,MT,59201
PAT,Missoula,MT,59801
PAT,Burlington,NC,27217
PAT,Elizabeth City,NC,27909
PAT,Jefferson,NC,28640
PAT,Morganton,NC,28680
PAT,Hickory,NC,28602
PAT,Hendersonville,NC,28792
PAT,Manteo,NC,27954
PAT,Ahoskie,NC,27910
PAT,Kenansville,NC,28349
PAT,Concord,NC,28025
PAT,Kinston,NC,28504
PAT,Oxford,NC,27565
PAT,Hickory,NC,28602
PAT,Raeford,NC,28376
PAT,Winston Salem,NC,27101
PAT,Statesville,NC,28677
PAT,Greenville,NC,27858
PAT,Greensboro,NC,27401
PAT,Snow Hill,NC,28580
PAT,Clinton,NC,28328
PAT,Roxboro,NC,27573
PAT,Asheboro,NC,27203
PAT,Sylva,NC,28779
PAT,Lumberton,NC,28360
PAT,Reidsville,NC,27320
PAT,Thomasville,NC,27360
PAT,Shallotte,NC,28470
PAT,Mocksville,NC,27028
PAT,Charlotte,NC,28202
PAT,Wilmington,NC,28401
PAT,Salisbury,NC,28146
PAT,Albemarle,NC,28001
PAT,Dobson,NC,27017
PAT,Raleigh,NC,27612
PAT,Dobson,NC,27017
PAT,Sanford,NC,27330
PAT,Roxboro,NC,27573
PAT,Raleigh,NC,27603
PAT,Goldsboro,NC,27534
PAT,Charlotte,NC,28202
PAT,Dunseith,ND,58329
PAT,Fort Totten,ND,58335
PAT,Fort Totten,ND,58335
PAT,Bismarck,ND,58504
PAT,Belcourt,ND,58316
PAT,Chadron,NE,69337
PAT,Burlington,NJ,08016
PAT,Cape May Court House,NJ,08210
PAT,Morristown,NJ,07960
PAT,Bridgeton,NJ,08302
PAT,Orange,NJ,07050
PAT,Egg Harbor Township,NJ,08234
PAT,Trenton,NJ,08618
PAT,Dover,NJ,07801
PAT,Passaic,NJ,07055
PAT,Edison,NJ,08820
PAT,New Brunswick,NJ,08901
PAT,Newton,NJ,07860
PAT,Glassboro,NJ,08028
PAT,North Brunswick,NJ,08902
PAT,Camden,NJ,08102
PAT,Long Beach Township,NJ,08008
PAT,Long Branch,NJ,07740
PAT,East Orange,NJ,07018
PAT,Alamo,NM,87825
PAT,Shiprock,NM,87420
PAT,Prewitt,NM,87045
PAT,Shiprock,NM,87420
PAT,Gallup,NM,87305
PAT,Shiprock,NM,87420
PAT,Vanderwagen,NM,87326
PAT,Crownpoint,NM,87313
PAT,Bloomfield,NM,87413
PAT,Sunland Park,NM,88063
PAT,Gallup,NM,87305
PAT,Espanola,NM,87532
PAT,Deming,NM,88030
PAT,Crownpoint,NM,87313
PAT,Cuba,NM,87013
PAT,Albuquerque,NM,87110
PAT,Santa Fe,NM,87501
PAT,Rio Rancho,NM,87124
PAT,Moriarty,NM,87035
PAT,Cuba,NM,87013
PAT,Pinehill,NM,87357
PAT,Laguna,NM,87026
PAT,Estancia,NM,87016
PAT,Crownpoint,NM,87313
PAT,Albuquerque,NM,87107
PAT,Fort Wingate,NM,87316
PAT,Virginia City,NV,89440
PAT,Silver Springs,NV,89429
PAT,Yerington,NV,89447
PAT,Mount Kisco,NY,10549
PAT,Binghamton,NY,13903
PAT,Haverstraw,NY,10927
PAT,Rochester,NY,14609
PAT,Jamestown,NY,14701
PAT,Bath,NY,14810
PAT,Rochester,NY,14608
PAT,Rochester,NY,14608
PAT,Rochester,NY,14604
PAT,Akron,OH,44307
PAT,Akron,OH,44304
PAT,Independence,OH,44131
PAT,Portsmouth,OH,45662
PAT,Bucyrus,OH,44820
PAT,Greenville,OH,45331
PAT,Findlay,OH,45840
PAT,Kenton,OH,43326
PAT,Dayton,OH,45417
PAT,millersburg,OH,44654
PAT,Lancaster,OH,43130
PAT,Ironton,OH,45638
PAT,London,OH,43140
PAT,Celina,OH,45822
PAT,Mount Gilead,OH,43338
PAT,Zanesville,OH,43701
PAT,Marion,OH,43302
PAT,Newark,OH,43055
PAT,Paulding,OH,45879
PAT,New Lexington,OH,43764
PAT,Circleville,OH,43113
PAT,Ottawa,OH,45875
PAT,Fremont,OH,43420
PAT,Springfield,OH,45506
PAT,Toledo,OH,43606
PAT,Lima,OH,45804
PAT,Upper Sandusky,OH,43351
PAT,Bethany,OK,73008
PAT,Tulsa,OK,74146
PAT,Norman,OK,73071
PAT,Shawnee,OK,74802
PAT,Hugo,OK,74743
PAT,Oklahoma City,OK,73101
PAT,Hobart,OK,73651
PAT,Tahlequah,OK,74464
PAT,Claremore,OK,74019
PAT,Oklahoma City,OK,73109
PAT,Purcell,OK,73080
PAT,Idabel,OK,74745
PAT,Norman,OK,73071
PAT,Ponca City,OK,74601
PAT,Alva,OK,73717
PAT,Oklahoma City,OK,73106
PAT,Oklahoma City,OK,73117
PAT,Oklahoma City,OK,73117
PAT,Tulsa,OK,74119
PAT,Wewoka,OK,74884
PAT,North Bend,OR,97459
PAT,Portland,OR,97218
PAT,Portland,OR,97220
PAT,Portland,OR,97292
PAT,Portland,OR,97232
PAT,Newport,OR,97365
PAT,Portland,OR,97220
PAT,Portland,OR,97220
PAT,Portland,OR,97218
PAT,Portland,OR,97219
PAT,Portland,OR,97211
PAT,Homestead,PA,15120
PAT,Homestead,PA,15120
PAT,Foxburg,PA,16036
PAT,Allentown,PA,18105
PAT,Indiana,PA,15701
PAT,Reading,PA,19601
PAT,Bethlehem,PA,18017
PAT,Washington,PA,15301
PAT,Emporium,PA,15834
PAT,Norristown,PA,19401
PAT,Bigler,PA,16825
PAT,New Castle,PA,16101
PAT,Bloomsburg,PA,17815
PAT,Lancaster,PA,17603
PAT,Reading,PA,19602
PAT,York,PA,17403
PAT,Titusville,PA,16354
PAT,Coatesville,PA,19320
PAT,Pittsburgh,PA,15210
PAT,Morton,PA,19070
PAT,Darby,PA,19023
PAT,Saint Marys,PA,15857
PAT,Scranton,PA,18503
PAT,Erie,PA,16506
PAT,Bedford,PA,15522
PAT,Altoona,PA,16602
PAT,Langhorne,PA,19047
PAT,Pottstown,PA,19464
PAT,McConnellsburg,PA,17233
PAT,Nanticoke,PA,18634
PAT,Johnstown,PA,15901
PAT,Waynesburg,PA,15370
PAT,Tunkhannock,PA,18657
PAT,Huntingdon,PA,16652
PAT,Lock Haven,PA,17745
PAT,Jim Thorpe,PA,18229
PAT,Beaver,PA,15009
PAT,Kingston,PA,18704
PAT,Philadelphia,PA,19125
PAT,Kennett Square,PA,19348
PAT,Greenville,PA,16125
PAT,Sharon,PA,16146
PAT,Farrell,PA,16121
PAT,Monessen,PA,15062
PAT,McKees Rocks,PA,15136
PAT,State College,PA,16803
PAT,Lehighton,PA,18235
PAT,New Bloomfield,PA,17068
PAT,Hughestown,PA,18640
PAT,Salisbury,PA,15558
PAT,Scranton,PA,18503
PAT,Dubois,PA,15801
PAT,Bradford,PA,16701
PAT,Harrisburg,PA,17104
PAT,Union City,PA,16438
PAT,Hawley,PA,18428
PAT,Pittsburgh,PA,15221
PAT,Pawtucket,RI,02860
PAT,Warren,RI,02885
PAT,Providence,RI,02909
PAT,Cranston,RI,02920
PAT,Woonsocket,RI,02895
PAT,East Providence,RI,02915
PAT,North Kingstown,RI,02852
PAT,Warwick,RI,02889
PAT,Westerly,RI,02891
PAT,Greenville,SC,29617
PAT,Aiken,SC,29802
PAT,Allendale,SC,29810
PAT,Anderson,SC,29624
PAT,Beaufort,SC,29902
PAT,Moncks Corner,SC,29461
PAT,Bamberg,SC,29003
PAT,Saint Matthews,SC,29135
PAT,Greenwood,SC,29646
PAT,North Charleston,SC,29406
PAT,Chester,SC,29706
PAT,Manning,SC,29102
PAT,Manning,SC,29102
PAT,Clover,SC,29710
PAT,Walterboro,SC,29488
PAT,Hartsville,SC,29550
PAT,Dillon,SC,29536
PAT,Summerville,SC,29485
PAT,Beaufort,SC,29902
PAT,Winnsboro,SC,29180
PAT,Swansea,SC,29160
PAT,Florence,SC,29506
PAT,Greenwood,SC,29649
PAT,Hampton,SC,29924
PAT,Conway,SC,29526
PAT,Ridgeland,SC,29936
PAT,Camden,SC,29021
PAT,Laurens,SC,29360
PAT,Batesburg,SC,29006
PAT,Lexington,SC,29072
PAT,West Columbia,SC,29169
PAT,Bennettsville,SC,29512
PAT,Mc Cormick,SC,29835
PAT,Newberry,SC,29108
PAT,Walhalla,SC,29691
PAT,York,SC,29745
PAT,Pickens,SC,29671
PAT,Columbia,SC,29204
PAT,Rock Hill,SC,29732
PAT,Irmo,SC,29063
PAT,Glendale,SC,29346
PAT,Sumter,SC,29150
PAT,Allen,SD,57714
PAT,Waubay,SD,57273
PAT,Kyle,SD,57752
PAT,Pine Ridge,SD,57770
PAT,Saint Francis,SD,57572
PAT,Yankton,SD,57078
PAT,Chattanooga,TN,37403
PAT,Knoxville,TN,37914
PAT,Memphis,TN,38118
PAT,Cleveland,TN,37323
PAT,Amarillo,TX,79106
PAT,Austin,TX,78723
PAT,Dallas,TX,75220
PAT,Houston,TX,77036
PAT,Beaumont,TX,77702
PAT,Longview,TX,75602
PAT,San Antonio,TX,78212
PAT,Corpus Christi,TX,78408
PAT,Dallas,TX,75247
PAT,Houston,TX,77008
PAT,San Marcos,TX,78666
PAT,Longview,TX,75601
PAT,McAllen,TX,78501
PAT,Corpus Christi,TX,78401
PAT,Waco,TX,76710
PAT,Dallas,TX,75237
PAT,Dallas,TX,75246
PAT,Fort Worth,TX,76177
PAT,Dallas,TX,75218
PAT,San Antonio,TX,78212
PAT,Amarillo,TX,79101
PAT,Fort Worth,TX,76110
PAT,Amarillo,TX,79108
PAT,Keller,TX,76248
PAT,Rosenberg,TX,77471
PAT,Dallas,TX,75223
PAT,Dallas,TX,75223
PAT,New Braunfels,TX,78130
PAT,New Caney,TX,77357
PAT,San Antonio,TX,78211
PAT,Palacios,TX,77465
PAT,Leander,TX,78641
PAT,Richardson,TX,75081
PAT,Abilene,TX,79601
PAT,Amarillo,TX,79102
PAT,Dallas,TX,75240
PAT,San Antonio,TX,78202
PAT,Schulenburg,TX,78956
PAT,Killeen,TX,76541
PAT,Lubbock,TX,79413
PAT,El Paso,TX,79901
PAT,Bryan,TX,77802
PAT,Odessa,TX,79762
PAT,Tyler,TX,75708
PAT,Waco,TX,76703
PAT,Wichita Falls,TX,76301
PAT,Montezuma Creek,UT,84534
PAT,Richfield,UT,84701
PAT,Salt Lake City,UT,84107
PAT,Salt Lake City,UT,84107
PAT,Salt Lake City,UT,84116
PAT,Salt Lake City,UT,84107
PAT,Salt Lake City,UT,84115
PAT,Ogden,UT,84403
PAT,Salt Lake City,UT,84104
PAT,Salt Lake City,UT,84104
PAT,Salt Lake City,UT,84114
PAT,Saint George,UT,84770
PAT,Provo,UT,84601
PAT,Williamsburg,VA,23127
PAT,Christiansburg,VA,24073
PAT,Chesapeake,VA,23324
PAT,Abingdon,VA,24210
PAT,Richmond,VA,23220
PAT,Hampton,VA,23669
PAT,Newport News,VA,23605
PAT,Emporia,VA,23847
PAT,Portsmouth,VA,23707
PAT,Barre,VT,05641
PAT,Montpelier,VT,05602
PAT,Morrisville,VT,05661
PAT,Burlington,VT,05406
PAT,Milton,VT,05468
PAT,Saint Albans,VT,05478
PAT,Tunbridge,VT,05077
PAT,Rutland,VT,05701
PAT,Bennington,VT,05201
PAT,Norwich,VT,05055
PAT,Yakima,WA,98908
PAT,Centralia,WA,98531
PAT,Puyallup,WA,98371
PAT,Woodland,WA,98674
PAT,Spokane Valley,WA,99216
PAT,Walla Walla,WA,99362
PAT,Everett,WA,98208
PAT,Othello,WA,99344
PAT,Olympia,WA,98506
PAT,Seattle,WA,98144
PAT,Moses Lake,WA,98837
PAT,Port Angeles,WA,98362
PAT,Kirkland,WA,98034
PAT,Aberdeen,WA,98520
PAT,Bremerton,WA,98337
PAT,Longview,WA,98632
PAT,Bellingham,WA,98228
PAT,Bothell,WA,98011
PAT,Omak,WA,98841
PAT,Omak,WA,98841
PAT,Renton,WA,98057
PAT,Metaline Falls,WA,99153
PAT,Shelton,WA,98584
PAT,Cathlamet,WA,98612
PAT,Seattle,WA,98139
PAT,Toppenish,WA,98948
PAT,Bellevue,WA,98008
PAT,Milwaukee,WI,53204
PAT,Green Bay,WI,54303
PAT,Eau Claire,WI,54703
PAT,Baldwin,WI,54002
PAT,Plymouth,WI,53073
PAT,La Crosse,WI,54601
PAT,Menasha,WI,54952
PAT,Green Bay,WI,54301
PAT,Franklin,WI,53132
PAT,Kenosha,WI,53143
PAT,Kenosha,WI,53142
PAT,Hayward,WI,54843
PAT,Manitowoc,WI,54220
PAT,Green Bay,WI,54304
PAT,Oneida,WI,54155
PAT,Grafton,WI,53024
PAT,Bayfield,WI,54814
PAT,Portage,WI,53901
PAT,Chippewa Falls,WI,54729
PAT,Waukesha,WI,53188
PAT,Milwaukee,WI,53210
PAT,Weirton,WV,26062
PAT,Martinsburg,WV,25401
PAT,Parkersburg,WV,26102
PAT,Clarksburg,WV,26301
PAT,Clay,WV,25043
PAT,Madison,WV,25130
PAT,Charleston,WV,25311
PAT,Weston,WV,26452
PAT,Moundsville,WV,26041
PAT,Morgantown,WV,26501
PAT,Union,WV,24983
PAT,Madison,WV,25130
PAT,Kingwood,WV,26537
PAT,Rainelle,WV,25962
PAT,Hinton,WV,25951
PAT,Elkview,WV,25071
PAT,Welch,WV,24801
PAT,West Union,WV,26456
PAT,Parsons,WV,26287
PAT,New Martinsville,WV,26155
PAT,Jackson,WY,83001
PAT,Fort Washakie,WY,82514
PAT,Casper,WY,82605
PAT,Cheyenne,WY,82001
SafeCare,Tucson,AZ,85713
SafeCare,Chula Vista,CA,91910
SafeCare,Riverside,CA,92503
SafeCare,Eureka,CA,95521
SafeCare,Redding,CA,96001
SafeCare,Camarillo,CA,93021
SafeCare,San Francisco,CA,94103
SafeCare,Visalia,CA,93291
SafeCare,Lindsay,CA,93247
SafeCare,Visalia,CA,93291
SafeCare,Orosi,CA,93647
SafeCare,Visalia,CA,93291
SafeCare,Woodlake,CA,93286
SafeCare,Lamar,CO,81052
SafeCare,Pueblo,CO,81003
SafeCare,Colorado Springs,CO,80903
SafeCare,Wheat Ridge,CO,80033
SafeCare,Centennial,CO,80111
SafeCare,Craig,CO,81625
SafeCare,Towaoc,CO,81334
SafeCare,Durham,NC,27707
SafeCare,Ithaca,NY,14850
SafeCare,Brooklyn,NY,11226
SafeCare,Tulsa,OK,74119
SafeCare,Vinita,OK,74301
SafeCare,Oklahoma City,OK,73109
SafeCare,Oklahoma City,OK,73107
SafeCare,Tulsa,OK,74136
SafeCare,McAlester,OK,74883
SafeCare,Hood River,OR,96031
SafeCare,Abilene,TX,79605
SafeCare,Harlingen,TX,78550
SafeCare,Laredo,TX,78041
SafeCare,Seattle,WA,98108
SafeCare,Renton,WA,98059
SafeCare,Newport,WA,99156
SafeCare,Yakima,WA,98907
SafeCare,Wenatchee,WA,98801
SafeCare,Yakima,WA,98908
SafeCare,Tacoma,WA,98405
SafeCare,Covington,WA,98042
SafeCare,Federal Way,WA,98093
SafeCare,Bellingham,WA,98225
SafeCare,Spokane,WA,99201
SafeCare,Montesano,WA,98563
SafeCare,Federal Way,WA,98003
SafeCare,Rochester,WA,98579
SafeCare,Mount Vernon,WA,98273
SafeCare,Yakima,WA,98902
SafeCare,Kennewick,WA,99336
SafeCare,,CO,80631
SafeCare,,PA,18501
SafeCare,,PA,15202
SafeCare,,TX,76107
SafeCare,,CO,80759
SafeCare,,PA,16801
SafeCare,,CO,81101
SafeCare,,NY,11201
SafeCare,,NC,28001
SafeCare,,OH,45229
